age,gender,occupation,qqm,dsse_1,dsse_2,dsse_3,dsse_4,dsse_5,dsse_6,dsse_7,dsse_8,dsse_9,dsse_10,dsse_11,dsse_12,dsse_13,dsse_14,dsse_15,dsse_16,dsse_17,dsse_18,dsse_19,dsse_20,dsse_21,dsse_22,dsse_23,dsse_24,dsse_25,sise,open
54,1,2,2,4,3,5,3,3,3,2,3,2,1,3,3,3,4,4,5,5,3,3,4,3,2,1,4,2,4,4
19,1,1,2,4,3,3,4,2,4,3,2,3,3,4,3,3,4,4,5,5,2,5,4,4,2,2,3,2,2,2
59,2,2,2,4,4,2,3,2,4,3,4,3,4,3,5,4,4,4,4,4,4,4,4,4,4,4,3,4,1,1
22,1,2,2,4,4,4,2,1,4,2,2,2,3,3,5,4,4,2,4,4,2,3,4,2,5,3,5,5,3,3
20,1,1,2,4,5,2,3,3,4,3,2,5,5,5,5,5,5,5,5,4,5,5,5,5,4,3,4,4,1,1
39,2,2,2,4,4,4,3,2,4,2,2,4,3,3,3,4,4,4,4,4,2,4,4,4,5,4,4,4,2,2
20,2,1,2,4,4,2,2,2,2,3,3,4,4,3,5,5,4,4,4,4,4,4,4,4,4,3,4,5,1,1
19,2,1,2,4,3,4,3,1,3,1,2,2,1,2,4,2,3,4,3,5,2,4,4,4,4,4,5,4,4,4
19,2,1,2,5,4,3,5,2,4,2,4,2,4,5,4,5,4,5,4,5,4,4,5,4,4,2,5,3,2,2
49,2,2,2,4,4,4,2,1,4,2,3,1,2,4,3,4,4,4,4,5,2,4,4,4,4,4,4,3,3,3
49,2,2,2,4,4,4,2,2,4,1,2,1,2,4,2,2,4,4,4,5,2,4,4,4,4,4,4,2,3,3
26,1,2,2,4,3,4,2,4,3,1,2,1,3,2,2,2,2,4,5,5,3,5,4,4,4,1,3,2,4,4
20,2,1,2,4,4,3,4,2,4,4,4,2,4,4,4,5,4,4,4,4,4,4,4,4,4,4,4,4,3,3
19,2,5,2,5,4,3,4,2,5,1,2,1,5,4,4,5,5,3,2,4,4,5,4,4,5,5,5,5,2,2
20,2,1,2,4,4,3,4,3,4,4,4,2,4,4,4,4,4,4,4,4,3,4,4,4,4,2,4,2,3,3
22,2,1,2,4,4,3,4,3,5,2,3,4,2,3,2,3,5,3,4,4,3,4,4,4,3,1,4,2,2,2
19,2,1,2,2,3,3,1,1,2,1,1,2,2,3,4,4,5,4,3,5,3,4,3,2,5,4,5,3,3,3
20,2,1,2,4,2,3,2,2,4,2,4,4,4,3,4,4,4,4,4,4,4,4,4,3,3,2,4,3,1,1
21,2,1,2,4,4,5,4,4,4,1,4,2,4,2,4,4,4,4,3,5,4,4,4,4,4,2,3,2,3,3
19,1,1,2,4,2,4,3,1,4,1,3,1,1,2,4,1,5,5,5,5,3,3,5,1,4,3,5,1,4,4
20,2,1,2,4,4,4,4,1,4,1,3,1,2,2,2,2,4,4,4,4,2,4,4,2,4,2,4,2,4,4
20,2,1,2,4,2,4,4,1,4,1,3,2,3,2,4,4,4,5,5,4,2,4,4,4,4,2,4,4,3,3
19,2,1,2,4,4,4,3,2,4,3,2,2,2,3,3,4,3,5,5,4,3,2,4,2,4,4,5,5,2,2
22,1,1,2,4,3,4,4,2,4,2,4,1,3,4,4,4,4,4,4,4,2,4,5,4,4,2,5,2,4,4
19,2,1,2,3,2,5,3,2,3,2,3,5,4,5,4,5,4,4,4,4,3,5,4,4,4,4,4,3,2,2
20,2,1,2,4,4,4,4,4,4,4,4,4,4,4,4,4,4,4,4,4,2,4,4,5,4,4,4,4,2,2
20,2,1,2,5,4,4,4,4,5,1,4,1,2,4,4,4,5,5,5,5,1,4,4,4,5,1,5,1,3,3
54,2,4,2,4,4,4,4,3,4,3,3,3,2,4,4,3,4,4,5,5,3,3,5,4,3,4,4,3,3,3
50,2,2,2,4,2,4,3,2,4,2,3,2,2,4,4,3,4,4,4,5,2,3,4,3,4,2,5,4,3,3
47,2,2,2,4,4,1,3,3,1,4,3,4,2,3,4,4,4,4,5,1,3,3,4,4,5,4,1,5,4,4
48,1,2,2,5,4,5,1,1,4,1,1,1,1,2,1,1,5,5,5,5,1,1,3,1,4,2,5,3,5,5
52,2,2,2,5,4,4,1,1,3,3,1,2,2,3,1,3,4,3,4,5,3,4,5,4,5,3,5,4,4,4
20,1,1,2,5,4,4,1,1,4,2,2,4,4,2,5,4,4,3,4,4,1,5,5,4,4,1,4,2,2,2
24,1,2,2,4,4,4,1,1,4,4,2,3,3,4,3,4,3,3,5,3,2,4,5,4,4,4,2,3,1,1
24,1,1,2,4,2,4,2,1,4,2,3,1,3,4,2,2,4,3,3,4,2,4,4,2,5,2,5,2,4,4
60,2,2,2,4,1,5,3,3,4,3,3,1,1,2,3,2,3,3,4,4,1,3,3,3,3,1,3,1,5,5
50,1,2,2,5,4,3,4,3,4,3,3,2,4,4,4,4,4,4,4,4,3,4,4,4,4,4,4,3,2,2
23,2,1,2,4,3,4,3,3,4,3,4,1,3,2,3,2,5,5,4,4,3,4,4,4,5,2,4,2,1,1
21,2,1,2,5,4,3,4,3,4,1,4,1,3,4,4,5,4,4,5,5,4,4,4,4,4,3,4,4,4,4
20,1,1,2,4,3,4,4,2,4,1,2,1,2,2,1,4,5,4,5,4,2,4,5,4,4,4,4,1,2,2
21,2,1,2,4,4,4,4,1,5,2,3,2,2,4,2,4,4,3,3,4,2,4,2,3,5,2,5,3,3,3
24,2,1,2,3,3,4,3,1,4,1,3,2,2,2,3,4,5,4,5,5,2,4,4,4,4,2,5,3,3,3
21,1,1,2,4,3,4,4,1,4,3,3,1,4,4,3,3,5,3,3,4,3,5,4,4,4,2,5,2,3,3
28,2,2,2,5,4,4,4,4,5,4,4,5,4,4,2,4,5,4,4,4,5,4,3,3,5,4,4,4,1,1
24,1,1,2,4,4,4,4,4,4,2,4,5,5,2,5,4,5,3,2,4,4,5,5,5,4,2,5,4,1,1
22,2,1,2,4,4,4,3,3,4,3,3,1,2,3,1,3,3,4,4,5,3,5,4,5,4,4,4,3,3,3
22,2,1,2,5,4,4,4,2,5,3,4,2,4,2,3,2,4,4,5,5,4,5,4,5,4,3,5,4,3,3
20,2,4,2,4,5,2,4,2,4,4,3,5,2,4,2,4,3,4,5,4,4,4,2,4,4,4,3,4,2,2
42,2,2,2,4,4,4,4,3,4,1,3,4,4,3,5,3,4,3,4,5,4,4,5,5,4,5,4,3,1,1
22,2,1,2,2,2,4,2,1,2,2,2,3,4,3,2,4,3,4,3,4,3,4,4,4,3,2,4,4,2,2
20,2,1,2,4,3,4,4,2,5,1,3,3,2,3,4,5,4,4,5,5,3,4,4,4,5,3,4,4,3,3
20,2,1,2,4,4,4,2,1,4,1,1,3,3,3,3,4,4,4,5,4,2,4,4,4,4,4,5,4,4,4
20,1,4,2,4,3,4,1,1,4,1,1,1,2,2,4,4,2,4,3,4,2,5,5,4,5,5,5,5,2,2
26,2,4,2,5,5,5,5,2,5,2,5,2,5,5,5,5,5,2,5,5,4,5,5,5,5,5,4,4,2,2
19,1,1,2,5,4,4,3,1,5,4,4,1,5,2,1,2,4,5,4,5,2,5,4,5,4,4,5,3,3,3
22,2,1,2,5,3,4,4,4,4,2,4,4,3,3,4,5,3,3,4,5,3,5,4,4,4,5,4,5,3,3
21,1,1,2,4,2,4,2,1,4,3,2,3,5,4,5,4,4,4,4,4,3,4,3,3,4,4,4,4,2,2
53,2,4,2,4,4,4,2,1,4,3,1,2,3,2,4,4,3,4,4,5,3,4,4,4,4,3,4,4,2,2
20,1,1,2,3,2,4,4,1,4,3,3,1,2,1,3,2,3,4,4,5,1,4,4,2,4,2,5,2,3,3
21,2,1,2,4,4,3,3,2,4,2,2,2,4,4,3,4,3,4,4,4,3,5,5,4,4,3,4,4,1,1
52,1,2,2,4,4,2,3,3,4,3,3,2,4,2,2,4,4,4,4,3,3,4,4,3,4,4,4,3,2,2
21,1,1,2,4,4,4,1,1,4,3,2,3,2,4,4,3,4,4,4,4,2,5,4,5,4,2,3,1,4,4
21,2,1,2,4,3,4,4,4,3,2,3,3,5,4,4,5,5,4,3,5,3,5,4,3,3,4,4,2,3,3
22,1,2,2,3,1,5,1,1,2,3,1,1,1,1,3,2,3,2,2,5,2,4,5,3,4,3,5,4,3,3
47,2,2,2,4,3,3,3,1,3,3,3,3,1,2,4,2,4,4,4,4,2,4,2,3,5,4,4,4,4,4
25,1,3,2,3,2,4,1,1,3,1,2,2,1,2,2,2,3,3,4,4,1,2,2,2,4,2,4,4,4,4
20,2,1,2,5,2,4,4,4,4,3,4,2,4,4,3,4,4,5,4,5,3,4,5,4,4,4,5,3,2,2
74,2,6,2,3,4,4,4,3,4,2,4,4,2,4,2,4,4,4,4,4,2,4,4,4,4,4,4,4,2,2
22,1,1,1,2,2,4,2,1,4,4,2,1,4,2,4,4,4,3,3,5,1,4,5,4,2,1,3,2,4,4
20,2,4,2,4,3,4,4,1,4,3,3,4,4,4,4,4,4,5,4,5,4,5,5,5,5,3,5,4,3,3
20,1,1,2,4,4,4,4,2,5,2,3,1,3,4,2,4,4,4,4,5,3,4,4,3,4,4,3,2,3,3
82,1,6,2,4,3,5,1,3,4,2,3,2,4,1,1,1,4,4,4,4,3,1,5,4,4,1,4,4,4,4
66,2,4,2,3,4,4,2,1,2,1,2,1,1,4,3,3,3,4,4,3,1,2,3,1,4,3,4,4,3,3
20,1,1,2,4,4,5,3,1,5,3,3,1,3,3,3,4,4,5,5,5,3,5,4,4,5,4,5,5,4,4
54,2,4,2,4,3,5,4,2,4,4,4,4,2,4,2,4,3,3,4,4,1,4,4,3,5,3,5,4,3,3
51,2,2,2,4,4,4,3,3,4,3,3,2,3,2,4,2,4,4,4,4,3,4,4,4,3,3,4,2,2,2
21,2,1,1,5,4,4,4,2,5,2,4,2,4,4,4,4,4,4,4,4,4,4,5,4,4,5,5,4,2,2
72,2,6,2,1,1,4,2,2,2,1,2,1,1,2,2,1,1,4,4,5,1,2,2,2,4,1,4,2,3,3
20,2,1,2,5,5,2,5,1,5,4,4,2,5,5,4,4,4,4,4,5,5,5,5,5,5,3,4,4,2,2
20,2,1,2,5,4,1,3,2,5,1,4,1,1,2,5,4,4,4,5,5,3,5,5,5,3,3,4,4,2,2
19,2,4,2,5,2,4,4,2,4,2,2,2,4,4,5,5,4,4,4,5,4,5,5,4,4,4,5,3,2,2
19,2,1,2,4,3,4,2,1,4,1,2,2,3,2,2,4,5,3,4,5,4,5,4,4,5,4,5,3,3,3
35,2,2,2,2,3,4,3,2,2,3,3,2,2,2,4,2,4,4,4,3,3,2,4,2,4,4,4,3,3,3
65,2,6,2,2,4,4,1,1,2,1,1,2,1,1,1,2,4,4,4,3,2,3,3,1,5,4,5,2,3,3
27,2,2,2,2,2,4,2,1,3,2,2,2,3,3,3,4,3,4,3,4,2,2,4,2,5,4,5,5,3,3
40,2,2,2,4,4,4,3,3,4,2,3,4,4,4,4,4,4,4,4,4,2,4,4,4,4,4,4,4,1,1
34,2,3,2,4,5,5,4,1,2,3,2,1,2,4,1,4,5,1,5,4,1,3,4,3,5,4,5,3,3,3
47,2,2,2,4,3,5,4,4,4,4,4,3,4,3,3,4,4,4,5,5,3,4,4,4,5,4,5,4,2,2
45,2,4,2,3,4,3,3,2,2,2,3,2,2,2,2,2,2,4,4,4,2,2,2,3,4,4,4,2,1,1
54,2,2,2,4,1,4,3,1,3,1,3,1,1,1,1,1,3,4,4,4,1,2,4,1,2,1,4,2,3,3
49,2,2,2,5,4,4,4,3,4,2,4,5,4,4,4,4,5,5,5,5,2,4,4,3,5,4,5,4,3,3
51,1,2,2,5,3,4,4,3,4,4,3,3,4,4,4,4,4,4,4,4,3,4,4,3,4,4,4,4,3,3
25,2,2,2,4,4,4,4,2,4,4,4,2,4,4,4,5,4,4,5,4,2,4,3,3,3,4,2,3,4,4
23,2,1,2,5,5,5,3,1,5,1,2,2,4,4,5,5,1,3,5,5,2,5,5,3,5,4,5,3,3,3
20,2,2,2,4,2,5,3,3,4,2,3,1,3,4,4,4,2,4,4,4,2,3,3,3,4,3,5,3,3,3
23,2,4,2,5,4,4,4,4,5,4,5,3,4,4,4,5,4,4,4,4,5,4,4,3,4,4,4,4,1,1
58,2,3,2,4,4,3,3,3,4,2,3,4,3,4,4,3,5,4,4,4,4,3,4,3,5,4,4,5,2,2
24,1,2,2,5,5,2,3,1,4,2,3,1,2,4,3,4,5,1,2,5,2,5,4,4,5,4,4,3,3,3
53,2,2,2,3,5,5,4,2,4,2,4,2,3,2,2,4,4,4,4,4,2,2,4,2,4,2,4,2,3,3
21,1,2,2,5,5,2,4,4,5,5,4,3,5,4,5,5,4,4,5,4,1,2,5,2,4,4,3,4,4,4
53,2,2,2,4,4,4,2,3,4,2,3,2,2,2,2,2,4,4,4,3,2,3,4,2,4,3,4,4,3,3
22,1,1,2,5,5,4,2,1,2,1,2,1,4,2,5,2,4,2,5,5,4,5,5,4,2,2,2,1,4,4
20,2,1,2,5,5,5,4,3,5,5,4,4,5,3,5,5,3,5,5,4,4,4,4,4,4,4,4,5,2,2
27,2,2,2,4,4,4,4,3,4,3,4,4,4,3,4,4,4,4,5,4,4,5,5,4,5,4,5,5,3,3
46,1,2,2,5,4,4,3,3,4,3,2,2,4,3,4,3,3,3,4,5,2,4,4,4,4,2,5,4,4,4
27,2,2,2,5,5,4,3,3,5,2,4,5,4,4,4,5,4,4,4,5,2,5,5,4,5,3,5,5,3,3
29,2,2,2,2,1,4,4,2,1,2,4,2,1,2,2,2,2,4,4,4,2,1,4,2,5,2,5,1,2,2
25,1,2,2,4,1,3,2,1,4,2,3,2,1,4,2,2,2,3,3,4,1,5,5,5,4,1,5,2,5,5
19,2,2,2,4,4,2,3,3,4,2,3,5,4,4,4,4,4,5,5,5,5,5,5,4,3,4,4,4,1,1
20,1,1,2,4,4,4,4,2,4,4,4,2,2,3,4,4,3,4,4,5,3,4,5,4,3,2,4,3,3,3
19,2,1,2,4,4,1,4,1,5,3,2,3,5,5,5,5,4,2,4,5,5,5,5,4,3,5,3,4,1,1
20,1,1,2,4,4,4,4,2,4,2,2,2,4,3,2,2,3,4,4,4,4,4,4,4,4,2,5,3,3,3
20,2,1,2,3,3,3,1,1,4,1,1,1,4,2,1,4,5,5,5,5,1,5,4,4,4,4,5,4,1,1
21,2,1,2,4,4,4,2,1,4,2,2,4,4,5,5,4,4,4,4,4,4,5,5,5,4,2,3,2,1,1
32,1,2,2,3,4,3,4,3,4,3,4,2,4,4,3,4,3,3,4,4,2,2,5,4,5,4,5,4,3,3
21,1,2,2,4,4,5,3,1,4,2,4,1,1,1,1,4,5,3,4,4,3,1,1,2,5,1,5,4,5,5
21,2,1,2,4,2,4,1,1,4,1,1,1,1,4,4,2,5,4,4,4,3,1,4,2,5,1,5,4,3,3
48,2,4,2,4,4,2,3,1,4,3,3,3,4,3,3,3,4,4,5,4,2,4,4,4,3,2,4,4,1,1
20,1,1,2,5,4,4,4,4,5,2,3,1,4,4,3,4,3,4,4,4,4,4,4,3,4,3,5,4,2,2
19,2,1,2,5,2,4,3,4,4,4,4,4,2,4,2,4,2,3,4,5,4,5,4,4,2,2,2,4,2,2
18,2,1,2,4,3,4,2,2,4,3,2,2,3,2,3,3,3,4,4,4,2,4,3,3,4,3,4,2,2,2
55,2,2,2,4,5,5,4,4,5,3,3,4,2,5,4,5,4,4,5,5,2,5,5,5,5,2,5,5,2,2
50,2,2,2,4,4,4,4,2,4,3,4,2,3,2,2,4,4,4,4,4,2,4,4,4,4,3,4,2,3,3
49,1,2,2,4,4,3,1,1,4,3,2,3,2,2,3,3,4,4,4,4,3,4,4,4,4,2,5,4,3,3
20,1,1,2,5,4,2,3,1,5,2,1,2,3,3,4,4,4,5,5,5,4,5,4,3,4,4,5,3,1,1
42,2,2,2,4,4,2,4,2,4,3,4,1,4,2,4,4,4,4,4,4,4,3,4,4,3,3,4,3,1,1
53,2,4,2,4,2,4,3,2,4,2,3,2,2,2,2,2,4,4,4,4,2,3,4,3,4,2,5,4,4,4
22,2,1,2,3,3,2,1,1,4,2,1,5,5,5,5,5,4,5,5,3,5,4,3,4,4,3,5,4,1,1
18,2,1,2,4,5,3,4,2,1,2,4,2,4,5,3,5,4,4,4,4,2,3,3,2,4,4,4,3,3,3
21,1,1,2,5,3,3,2,1,4,3,1,3,2,3,2,4,3,4,4,4,4,4,4,5,5,4,4,3,2,2
21,2,1,2,4,5,4,4,3,5,2,4,2,5,4,5,5,4,4,4,4,2,5,5,4,4,4,4,1,2,2
19,2,2,2,5,2,4,4,4,5,3,4,3,4,2,4,5,3,3,4,5,2,4,4,2,4,2,3,2,3,3
21,1,1,2,5,5,3,3,3,5,4,3,3,4,4,4,5,4,2,4,4,3,4,4,3,4,3,4,2,1,1
20,2,1,NA,5,4,4,4,2,5,2,4,1,4,5,4,5,2,3,4,5,4,5,5,5,5,2,5,5,4,4
23,1,2,2,4,4,5,3,2,4,2,3,2,2,4,1,4,3,4,4,5,2,4,4,4,5,5,5,2,3,3
25,1,2,2,2,2,5,2,1,1,1,1,1,1,2,4,3,3,4,4,3,2,1,4,1,4,1,4,2,3,3
50,1,2,2,4,4,4,4,3,5,3,2,2,2,2,2,3,5,4,5,3,3,3,4,3,5,4,4,4,3,3
41,2,3,2,5,5,3,4,3,5,4,4,5,5,5,4,5,5,5,5,5,4,5,5,5,5,5,4,5,1,1
32,2,4,2,4,4,2,3,2,4,2,3,4,3,2,2,3,4,3,4,5,2,5,4,4,4,3,4,3,2,2
19,3,1,2,5,4,4,5,1,4,3,3,2,4,4,2,4,4,4,4,5,3,5,5,5,5,4,4,4,3,3
19,1,1,2,5,3,4,3,1,5,3,1,1,4,4,4,4,4,3,4,5,2,4,4,5,4,4,5,4,4,4
53,1,2,2,4,4,5,3,2,4,2,3,1,2,3,4,3,4,3,4,4,1,4,4,4,4,2,4,2,4,4
21,2,1,2,4,4,4,4,2,4,3,4,1,4,4,4,5,4,4,4,4,3,4,4,2,3,2,4,3,3,3
21,1,1,2,4,1,4,3,1,4,1,1,1,2,1,1,3,5,5,5,4,1,4,4,2,4,1,4,4,3,3
20,2,1,2,4,2,5,4,2,4,2,3,2,2,2,2,4,4,4,4,4,3,3,4,2,4,5,5,5,3,3
19,2,1,2,4,5,1,4,2,2,4,4,2,4,4,4,4,3,4,3,2,5,5,4,4,3,3,5,4,1,1
19,2,1,2,5,4,2,2,3,5,4,5,1,2,5,5,2,4,5,4,2,1,5,4,5,5,2,1,5,4,4
78,2,6,2,4,4,4,3,3,3,3,3,4,1,4,3,4,4,4,4,4,3,3,3,3,4,4,3,4,3,3
32,1,2,2,4,4,3,2,2,4,2,2,2,2,2,4,3,3,3,4,4,3,4,3,3,4,4,5,2,3,3
51,2,2,2,2,3,2,3,3,5,3,3,5,4,4,5,4,5,4,5,5,3,4,4,3,5,5,4,4,2,2
38,2,2,2,4,4,4,3,2,4,2,3,2,2,3,3,3,4,3,5,4,1,4,2,2,2,2,4,4,4,4
41,2,2,2,4,4,4,4,3,4,3,3,3,3,4,4,5,4,4,5,4,3,3,3,2,3,3,4,3,3,3
42,1,2,2,4,4,2,4,1,4,3,1,1,1,2,1,2,3,4,4,4,2,3,2,2,2,4,3,2,3,3
38,2,2,2,3,4,4,4,3,5,3,4,5,4,4,5,5,4,5,5,5,4,3,2,4,4,2,4,5,2,2
35,2,2,2,3,3,2,2,2,4,2,2,5,3,3,4,4,3,4,4,4,2,3,4,3,3,3,4,4,1,1
25,1,1,2,5,4,1,5,5,5,4,5,2,5,5,5,5,5,2,5,5,4,5,5,5,5,5,5,2,1,1
19,2,2,2,4,4,3,4,3,3,2,3,2,4,5,5,5,2,2,2,4,4,3,4,1,4,2,4,3,2,2
28,1,1,1,4,3,5,1,1,1,2,1,2,2,3,2,3,4,3,4,4,4,4,5,4,3,2,4,5,4,4
21,1,1,2,4,4,4,1,1,4,1,1,1,1,2,2,4,5,4,4,4,1,4,4,3,3,3,4,3,4,4
55,1,2,2,4,4,4,1,1,4,2,1,2,2,2,2,3,3,4,4,4,3,2,4,3,3,4,3,2,2,2
19,4,1,2,5,5,3,4,3,5,3,3,5,2,3,1,3,5,5,5,5,1,5,3,4,4,2,3,3,2,2
19,2,1,2,4,3,4,2,1,5,2,3,2,4,1,4,4,4,4,4,5,3,4,4,2,4,4,5,3,2,2
18,2,1,2,4,4,5,5,3,5,2,4,2,4,4,4,5,4,3,2,5,2,5,4,5,5,2,4,1,4,4
20,2,1,2,4,4,3,4,4,4,2,3,1,4,4,3,4,5,4,4,4,2,5,5,4,5,2,5,1,3,3
20,2,2,2,4,5,4,4,2,5,3,3,2,5,3,5,5,5,4,5,4,4,5,3,4,5,4,5,3,2,2
45,2,2,2,5,4,1,4,2,4,4,3,4,4,4,4,4,4,4,4,3,4,3,4,4,4,4,4,4,1,1
20,2,1,2,4,4,3,4,2,4,2,4,2,4,4,3,4,4,5,4,5,3,4,3,4,4,5,4,3,2,2
21,2,1,2,3,4,5,4,1,4,3,2,1,2,2,2,4,3,4,4,5,3,4,4,3,5,1,5,4,4,4
20,1,1,2,5,2,5,3,3,4,2,3,1,4,5,4,5,5,4,5,5,2,5,5,5,5,5,5,4,4,4
20,2,1,1,5,2,4,1,1,4,1,1,4,4,5,4,5,4,2,4,5,2,4,4,5,5,2,5,2,3,3
19,2,1,2,5,4,4,3,4,5,1,3,2,5,5,3,3,4,4,5,5,3,4,4,3,5,3,5,2,2,2
19,2,1,1,5,5,3,4,2,4,2,4,2,4,4,4,4,4,5,4,5,2,4,4,4,4,2,5,4,3,3
54,1,2,2,4,4,3,4,3,4,4,4,2,2,4,4,4,4,3,4,5,2,4,4,3,5,4,5,3,3,3
20,1,1,2,4,2,3,1,1,2,3,1,4,1,4,2,5,4,4,5,5,1,3,5,5,4,5,5,4,2,2
63,1,6,2,4,2,4,2,3,4,4,2,3,3,1,4,2,4,3,3,5,3,4,4,3,3,2,4,1,5,5
29,2,2,2,5,5,4,4,2,2,2,4,2,4,4,4,4,4,4,4,5,2,4,4,4,4,3,4,3,3,3
60,1,2,2,2,3,4,3,3,4,3,3,2,4,4,2,4,4,4,4,4,2,4,4,3,4,4,5,2,4,4
60,2,2,2,3,2,5,1,1,4,2,1,1,2,4,4,3,4,4,4,4,2,4,5,4,5,3,5,5,3,3
21,1,3,2,5,5,5,2,1,4,2,1,4,3,4,4,5,4,1,5,4,1,4,3,3,5,5,5,5,5,5
21,1,3,2,5,2,5,3,2,2,4,3,5,3,2,4,4,5,4,4,5,3,4,4,5,4,3,4,3,1,1
22,1,1,2,4,5,1,4,1,4,5,2,4,5,5,5,5,4,4,4,3,5,4,4,4,2,4,4,2,1,1
27,1,1,2,5,2,2,5,2,4,3,4,1,4,2,2,4,5,5,5,4,4,4,4,4,4,4,5,2,2,2
52,2,2,2,4,3,4,4,3,4,2,4,2,3,2,4,4,4,4,4,4,3,3,4,3,4,4,4,4,1,1
20,2,1,2,4,5,4,4,4,5,1,1,5,3,4,5,4,5,3,5,5,4,3,4,3,3,1,5,3,2,2
20,2,1,2,4,3,4,4,2,4,2,2,2,3,4,4,5,5,3,4,4,4,5,4,4,4,4,4,4,2,2
55,2,2,2,4,4,5,4,3,4,1,4,2,1,3,1,3,4,4,4,4,1,4,2,4,4,5,5,3,4,4
20,1,2,2,4,4,5,2,1,4,4,3,2,4,2,2,4,4,4,4,4,3,5,4,3,4,2,5,4,4,4
22,1,1,2,4,3,4,1,1,4,1,1,3,2,2,3,3,5,2,2,1,1,1,2,1,1,2,3,1,4,4
21,1,1,2,4,3,2,2,1,4,2,2,1,2,2,2,4,4,2,3,4,4,4,3,3,5,3,5,4,3,3
20,2,1,2,4,4,4,1,1,3,1,1,4,4,4,4,4,2,3,3,4,3,4,4,4,4,3,4,3,1,1
25,1,2,2,3,4,4,3,1,5,3,2,3,4,2,2,3,5,3,5,5,4,5,5,5,5,5,5,4,3,3
31,1,2,2,4,4,4,3,2,4,2,3,2,2,4,2,3,5,4,4,4,1,3,4,3,5,2,5,1,4,4
22,2,1,2,4,4,4,2,2,4,3,3,3,2,2,4,4,3,4,4,4,2,4,4,4,2,4,2,2,3,3
21,2,1,2,4,3,3,4,3,4,2,3,4,5,4,4,4,5,4,5,5,4,5,5,5,4,3,2,3,1,1
20,2,1,2,4,4,4,3,1,4,2,3,5,5,5,4,5,3,4,4,4,4,4,4,4,4,5,4,4,1,1
20,2,1,2,4,3,4,3,3,4,3,3,3,4,4,4,4,4,3,4,4,3,4,4,3,4,4,4,4,1,1
20,2,1,2,3,2,3,3,4,4,3,3,4,4,4,4,4,4,4,3,4,5,4,3,4,3,2,4,2,2,2
21,1,1,2,3,2,4,4,1,3,1,2,1,1,2,2,1,4,4,5,4,1,3,2,3,4,4,5,4,4,4
66,2,6,2,4,2,4,2,3,3,2,2,2,2,2,3,4,3,3,3,3,1,3,3,3,3,4,4,3,1,1
29,1,2,2,4,4,4,3,1,4,2,3,3,2,2,4,4,3,3,4,4,3,4,4,4,5,3,5,4,3,3
22,2,1,2,5,4,4,4,1,4,3,3,2,4,4,4,5,4,3,3,4,2,4,4,5,5,2,5,5,3,3
21,2,1,2,4,4,4,4,2,4,2,4,4,5,5,5,5,3,4,4,4,3,4,5,2,5,4,4,5,1,1
34,1,2,2,3,4,4,3,2,4,2,3,2,3,4,3,3,4,4,4,4,3,4,4,4,4,4,4,4,3,3
62,2,2,2,4,4,4,3,3,4,3,3,3,2,3,3,4,4,4,4,4,3,4,4,4,3,3,3,3,3,3
20,1,1,2,4,4,4,4,1,4,2,2,2,3,3,4,2,5,4,4,4,2,5,5,4,4,3,5,3,3,3
22,2,1,2,5,3,5,4,1,4,2,4,2,2,4,2,4,3,4,4,5,2,5,5,4,4,2,5,4,5,5
20,2,1,2,5,2,4,2,1,4,1,2,5,2,4,5,5,4,5,4,5,2,4,5,4,3,5,4,4,1,1
21,1,1,2,4,1,2,2,1,4,2,2,1,2,2,5,4,4,3,2,4,2,4,3,4,4,1,4,4,2,2
21,2,5,2,5,4,3,5,3,5,4,4,4,4,5,5,5,3,4,5,5,2,5,4,4,4,2,4,3,2,2
55,3,2,2,4,4,4,2,2,4,3,2,2,2,2,2,4,4,4,4,3,3,3,3,3,2,2,2,4,2,2
19,2,1,2,4,3,4,4,3,4,2,4,4,2,4,5,5,4,4,5,4,4,4,4,3,5,3,5,5,2,2
19,2,3,2,4,3,3,4,4,4,2,4,4,4,4,5,4,4,4,4,3,3,4,4,4,3,3,4,3,2,2
27,1,1,2,4,4,4,4,1,5,2,4,1,2,3,3,4,5,4,5,4,2,4,5,3,3,2,4,1,3,3
24,2,1,2,4,4,3,2,3,4,2,3,1,4,2,2,2,5,4,4,4,2,4,4,2,4,2,4,4,2,2
22,1,1,2,5,4,4,3,3,5,2,3,1,4,3,4,4,4,4,4,5,2,4,4,4,5,3,4,1,3,3
28,1,2,2,3,4,4,4,2,4,3,4,2,4,4,4,4,4,4,5,4,3,3,5,4,5,5,5,5,4,4
21,1,2,2,4,4,4,2,1,4,2,3,2,2,4,2,4,3,4,3,4,2,4,4,4,4,4,4,2,4,4
19,2,1,2,4,4,3,4,2,5,2,2,2,4,4,4,4,4,4,2,4,3,4,3,2,4,4,4,4,2,2
50,2,6,2,4,4,4,2,2,2,2,2,2,3,2,4,4,4,3,4,4,4,4,3,3,4,2,4,2,2,2
20,2,2,2,4,4,4,2,2,4,3,2,4,3,4,3,5,4,4,4,4,2,3,3,4,4,4,4,5,3,3
21,2,1,2,4,4,4,4,4,4,4,4,2,4,5,4,5,3,4,5,5,4,5,5,4,5,3,5,4,2,2
21,2,1,2,5,4,4,2,1,4,3,2,1,4,4,3,4,3,4,3,4,2,4,5,4,4,4,4,5,3,3
31,2,2,2,4,4,3,3,3,3,4,3,2,2,4,4,3,5,4,4,5,2,5,4,4,5,4,4,2,2,2
20,2,1,2,5,4,2,3,2,4,2,4,3,3,3,4,4,4,4,4,5,3,4,4,4,4,2,5,4,3,3
55,2,4,2,2,3,5,3,3,4,1,1,3,2,3,3,3,4,4,4,4,3,3,3,4,5,3,4,4,3,3
20,2,1,2,4,3,4,4,2,4,2,4,2,4,3,4,4,4,4,4,4,2,4,4,2,4,4,3,3,1,1
56,2,6,2,4,4,4,2,2,4,4,1,2,4,4,3,4,4,4,4,4,1,5,5,4,4,4,4,5,3,3
19,2,4,1,5,5,4,5,3,5,3,4,3,5,5,4,5,4,4,4,5,2,4,5,4,4,4,3,2,3,3
19,2,3,2,5,5,4,3,2,5,1,3,4,2,2,3,4,2,4,4,4,2,4,4,4,5,4,5,5,3,3
21,1,1,2,5,5,3,2,1,4,3,1,4,5,2,5,4,5,3,4,5,4,4,4,4,4,4,3,3,1,1
20,2,1,1,5,4,4,3,2,4,3,3,4,4,4,5,5,4,3,4,4,4,4,5,3,4,2,3,3,2,2
24,2,4,2,4,4,3,3,3,4,1,4,5,5,5,4,5,4,4,4,5,5,5,4,5,5,4,5,5,2,2
23,2,1,2,3,5,5,3,3,4,1,3,3,4,4,4,5,4,5,4,4,4,5,5,5,5,3,3,3,3,3
21,2,1,2,4,3,4,2,1,4,2,3,2,2,3,2,2,2,4,4,4,2,4,4,4,4,4,5,3,3,3
20,2,1,2,4,3,5,1,1,4,1,3,1,3,3,1,4,5,5,4,5,4,4,5,4,5,4,5,4,4,4
22,2,1,2,5,4,2,4,2,4,4,4,4,5,4,4,5,4,4,5,5,5,5,5,5,4,4,4,4,1,1
22,2,1,1,4,3,2,1,1,4,3,1,4,4,3,5,4,4,4,4,5,2,5,5,5,4,5,4,2,2,2
20,2,4,2,4,5,4,4,3,4,2,3,3,3,5,4,5,4,4,3,5,2,5,5,4,4,5,4,4,3,3
23,1,1,2,4,4,3,3,3,4,2,3,1,4,4,2,4,4,4,4,4,2,2,2,2,5,4,5,4,4,4
23,2,1,2,4,4,4,2,2,4,2,4,2,3,4,2,4,3,4,4,4,3,5,4,4,4,2,4,3,3,3
24,1,2,2,5,4,5,4,1,5,4,4,1,4,4,2,4,5,5,5,5,1,4,5,4,5,4,5,5,5,5
20,2,1,2,5,5,2,4,1,5,3,4,4,4,5,4,5,4,4,4,5,4,5,5,5,5,4,5,5,1,1
22,3,2,2,3,4,3,3,1,4,1,1,1,2,4,1,4,1,1,4,5,2,5,4,3,3,1,4,1,3,3
21,2,1,2,4,4,2,3,2,4,2,4,1,3,2,1,3,4,4,5,5,4,5,4,4,5,4,5,2,1,1
19,3,1,2,5,4,3,2,4,4,4,2,3,5,4,4,5,3,4,5,5,4,5,4,3,5,4,5,4,2,2
61,1,2,2,4,4,4,3,3,4,3,3,1,2,2,1,3,3,3,4,3,3,4,4,3,1,4,4,3,2,2
20,1,1,2,5,5,5,3,3,5,4,3,2,2,4,2,4,5,5,5,5,4,4,4,5,5,4,5,5,3,3
20,2,2,2,4,3,2,3,1,3,2,3,1,3,2,2,4,4,4,4,4,2,3,2,2,5,2,4,2,3,3
19,2,1,2,5,3,3,3,2,4,3,3,1,4,4,2,4,3,4,4,5,4,5,5,4,5,4,5,4,2,2
20,1,2,2,2,2,4,2,1,2,1,1,2,2,2,4,4,5,5,4,5,2,3,3,3,5,2,4,4,4,4
59,2,4,2,5,4,2,2,3,2,3,3,4,4,2,4,4,5,4,5,5,4,4,4,4,4,5,4,5,1,1
19,2,1,2,4,4,3,3,3,4,2,3,2,5,5,3,5,4,4,4,5,3,5,4,4,5,3,5,4,2,2
22,2,2,2,4,4,4,3,3,4,2,3,2,4,5,4,4,4,3,4,4,4,5,4,5,4,1,5,2,3,3
23,1,1,2,4,4,2,2,2,4,3,2,4,4,4,4,4,5,4,4,4,4,5,5,4,4,2,4,4,1,1
21,2,1,2,3,4,4,3,2,4,2,2,2,3,3,3,4,4,4,4,4,2,4,4,2,4,3,4,4,3,3
55,2,2,2,4,5,3,2,1,4,4,3,3,2,3,3,4,5,4,4,4,2,4,4,4,3,4,4,4,2,2
20,1,1,2,4,4,3,4,2,4,4,3,5,4,4,5,5,4,5,5,5,4,5,1,5,4,5,5,4,1,1
22,2,1,2,5,1,4,5,5,5,5,5,4,5,4,5,5,3,5,3,5,2,5,5,4,5,1,5,3,3,3
20,1,1,2,4,4,4,3,1,3,2,2,5,2,3,3,5,4,3,4,4,4,2,3,3,4,3,5,3,2,2
20,1,1,1,5,4,4,3,2,4,2,3,2,4,4,4,4,4,3,4,5,3,4,4,4,4,4,4,4,3,3
22,2,1,2,4,4,4,4,1,2,2,4,2,4,2,4,4,4,4,4,4,5,5,5,5,4,4,4,4,2,2
49,2,4,2,4,4,4,3,3,4,2,3,2,2,2,2,3,4,4,4,5,2,4,4,3,5,4,5,4,3,3
22,1,4,2,4,3,4,3,1,4,3,3,1,3,4,3,2,4,4,4,5,2,4,4,3,5,1,3,2,2,2
20,2,1,2,4,2,4,2,1,4,2,1,3,4,3,3,4,5,4,4,4,1,5,5,4,4,3,5,3,2,2
19,3,1,2,3,4,3,4,2,3,2,4,3,5,4,4,4,4,4,4,4,5,4,3,4,4,4,2,4,3,3
20,1,1,2,3,3,4,2,1,3,1,3,2,2,3,3,3,4,3,3,4,2,2,2,2,4,4,4,3,2,2
19,1,1,2,5,4,3,3,2,4,3,4,3,3,3,4,4,3,3,4,4,3,5,4,4,4,4,4,2,2,2
19,1,1,2,4,3,3,3,2,4,1,3,3,2,4,2,4,3,5,3,5,1,5,5,5,3,4,4,1,1,1
21,1,2,2,4,4,3,4,2,5,3,2,1,5,5,4,5,2,4,4,5,3,4,5,4,5,4,5,4,3,3
20,2,1,2,5,4,5,5,4,4,2,4,3,4,4,5,5,4,5,4,4,4,4,4,3,4,4,5,5,2,2
20,2,1,2,4,4,4,4,2,4,3,3,2,3,3,3,4,4,4,4,5,4,5,5,4,4,4,5,4,3,3
19,2,1,2,4,4,4,3,2,4,2,3,3,4,4,3,4,4,3,4,5,3,5,4,4,4,4,5,4,3,3
19,2,1,2,5,5,3,3,2,5,4,3,3,3,5,3,5,4,5,5,5,4,4,5,4,5,2,5,3,3,3
20,2,1,2,4,3,5,2,2,3,2,2,4,3,2,3,4,5,4,4,4,3,4,4,4,3,4,4,4,3,3
21,2,1,2,4,4,4,4,3,5,1,4,4,5,2,5,5,5,5,5,5,4,5,5,5,5,4,5,2,2,2
19,2,1,2,4,4,4,4,2,5,2,3,2,5,4,4,5,4,5,4,4,3,5,5,5,5,4,4,4,3,3
20,2,1,2,3,4,4,4,1,5,1,2,2,4,5,5,5,4,3,3,5,4,5,4,4,4,4,5,4,3,3
25,2,2,2,3,3,4,2,1,2,1,1,1,2,2,1,1,2,4,4,4,1,1,2,2,5,1,5,3,3,3
20,2,1,2,4,4,4,4,3,4,4,4,2,4,4,3,4,3,4,4,4,2,4,4,4,4,2,4,3,3,3
53,1,2,2,4,5,4,5,3,5,4,4,1,4,4,1,5,2,4,5,5,4,5,4,4,3,4,4,1,1,1
19,2,4,2,5,4,5,4,2,4,3,4,4,5,4,5,5,4,5,5,5,2,5,4,4,5,2,5,5,2,2
20,2,1,2,4,5,4,4,2,4,2,3,2,4,3,4,4,3,4,5,5,3,4,4,3,5,3,5,5,2,2
22,2,4,2,5,4,4,4,1,5,2,4,1,3,4,2,4,3,4,4,5,4,5,2,4,5,3,4,2,4,4
57,1,2,2,4,4,4,3,3,4,3,3,2,1,2,2,4,5,4,4,5,1,4,5,4,2,2,4,2,4,4
19,2,1,2,5,4,2,4,1,5,1,4,5,5,2,5,5,4,2,4,4,4,5,5,5,5,5,5,5,1,1
22,1,2,2,4,2,4,4,1,4,2,2,2,2,2,2,2,3,2,4,4,2,2,2,2,4,2,4,3,2,2
21,2,1,2,4,2,3,2,2,4,2,4,3,3,4,4,4,5,4,4,4,2,4,4,4,4,2,4,2,2,2
56,2,4,2,4,4,4,3,1,4,4,3,3,2,4,4,4,5,4,4,4,3,4,4,4,4,3,4,4,2,2
20,1,1,2,3,2,2,1,1,1,2,1,1,1,2,5,4,2,3,4,4,3,4,5,2,4,2,5,1,3,3
20,2,1,2,4,4,4,2,2,4,1,2,5,3,5,2,5,4,3,5,5,2,4,5,3,4,2,4,5,2,2
23,2,1,1,4,4,4,4,2,4,2,2,2,4,4,3,4,2,4,3,5,4,4,4,4,4,2,5,4,3,3
20,1,1,2,5,4,3,3,1,5,4,3,2,4,4,4,3,4,4,4,4,2,5,4,4,4,3,5,5,3,3
20,2,1,1,4,3,4,2,1,4,2,2,1,2,4,4,4,4,3,3,5,2,5,5,4,5,2,4,4,3,3
20,1,1,2,4,2,4,4,2,4,1,3,2,3,4,3,4,3,4,3,4,2,4,5,4,5,2,5,5,4,4
19,3,3,2,4,5,4,2,1,5,1,3,4,4,4,5,4,4,4,4,5,2,5,4,4,4,5,3,2,1,1
22,3,1,2,4,2,4,3,3,4,1,3,4,2,4,2,2,3,4,3,4,2,4,4,4,4,2,4,3,3,3
20,2,1,2,5,4,2,4,3,5,5,4,3,5,5,5,5,4,4,4,5,5,5,5,4,4,3,4,3,1,1
23,1,2,2,4,4,4,3,2,3,2,2,2,2,2,2,2,3,4,5,4,2,4,4,3,5,4,5,3,3,3
24,1,2,2,4,4,4,1,1,4,2,1,1,3,2,4,2,2,4,4,4,2,3,4,3,4,2,4,2,3,3
26,2,2,2,4,4,4,3,3,4,2,3,4,5,4,5,5,3,3,4,4,4,4,4,3,5,2,5,4,1,1
28,2,2,2,5,4,4,3,3,4,4,4,3,4,4,3,4,4,4,4,4,3,4,4,3,4,4,4,3,2,2
55,2,2,2,4,4,4,3,2,3,2,3,2,2,2,2,3,5,4,4,5,3,4,4,5,4,2,4,4,3,3
23,2,2,2,5,5,4,3,2,5,3,4,3,5,4,3,5,4,4,5,4,4,3,4,4,5,4,5,4,2,2
23,1,1,1,4,4,3,3,1,5,2,3,2,3,4,4,4,4,4,4,4,2,4,5,4,2,2,5,3,2,2
23,1,2,2,5,4,4,4,2,4,3,3,2,2,2,3,3,4,4,4,4,2,4,4,3,4,2,4,3,3,3
23,1,1,2,4,2,5,3,1,4,1,1,2,1,1,1,3,4,5,5,4,3,3,2,2,3,4,5,2,5,5
20,2,1,2,5,5,4,4,2,5,3,4,3,4,5,4,1,4,4,4,5,3,4,4,4,4,4,5,3,3,3
35,1,2,2,4,4,4,3,4,4,3,3,4,4,4,4,4,4,4,4,4,2,4,4,4,5,4,4,4,1,1
19,1,1,2,4,4,5,3,1,4,3,3,3,2,2,3,4,4,4,4,4,4,4,4,4,4,4,4,2,2,2
20,2,1,2,4,4,5,2,1,3,1,2,1,2,2,4,3,4,3,3,4,2,4,4,2,4,2,4,2,2,2
56,2,4,2,4,4,2,2,3,4,3,2,2,2,2,3,3,4,4,4,3,3,4,4,3,5,4,4,4,4,4
48,2,2,2,4,5,3,3,3,4,2,3,3,3,4,2,4,3,3,4,3,3,4,2,3,4,4,4,4,1,1
52,2,2,2,4,2,4,4,2,4,1,4,4,4,3,4,4,5,4,4,5,2,4,4,4,5,4,5,2,3,3
20,1,1,2,5,4,4,1,1,2,1,2,1,1,1,2,4,1,4,4,4,1,2,3,1,5,1,4,3,5,5
47,1,2,2,4,2,4,3,3,4,3,4,2,1,3,2,4,3,5,4,4,2,4,4,4,4,1,4,4,3,3
57,1,2,2,4,4,5,4,1,5,2,4,2,3,2,2,3,4,4,4,5,2,4,4,4,4,4,4,2,3,3
37,1,2,2,4,4,4,3,3,4,3,4,2,3,2,3,3,4,4,4,5,2,4,4,4,4,2,4,3,3,3
20,2,1,2,4,4,4,4,3,5,1,4,3,4,4,4,4,3,4,4,4,5,4,4,3,4,3,4,3,2,2
21,1,1,2,5,4,3,3,3,5,1,2,2,4,3,3,3,5,4,2,4,5,5,5,3,4,4,4,4,2,2
20,2,1,2,5,4,5,5,2,4,2,5,2,3,4,3,4,3,4,4,4,2,4,4,3,5,1,3,1,3,3
20,2,1,2,4,4,5,4,1,4,4,2,1,2,5,4,4,2,2,4,4,2,4,3,2,4,3,5,2,4,4
41,2,4,2,4,4,4,3,3,4,3,2,2,4,4,4,4,4,4,5,4,2,3,4,2,4,4,4,2,2,2
22,1,1,2,5,5,5,1,1,5,4,3,1,2,4,1,4,5,3,4,5,4,5,5,4,5,3,5,3,4,4
20,2,1,2,4,4,4,3,3,4,2,3,3,3,4,3,4,3,3,3,4,3,4,4,4,4,3,4,3,3,3
22,1,2,2,5,4,4,3,1,4,3,2,2,4,1,4,2,4,5,5,4,2,3,4,2,4,2,4,2,3,3
20,2,4,2,4,2,4,2,2,4,2,2,3,4,2,4,4,4,4,2,5,2,4,4,4,4,2,4,4,1,1
53,1,6,2,4,4,5,2,2,3,2,2,2,1,2,2,3,5,3,4,4,3,3,4,3,4,2,4,4,4,4
19,2,2,2,4,4,4,3,3,3,3,3,3,3,4,4,5,3,4,3,5,2,4,4,4,4,3,4,4,3,3
23,1,2,2,2,2,3,2,2,4,3,2,2,3,2,2,3,2,3,2,4,2,2,4,2,2,3,5,3,4,4
63,1,2,2,3,4,4,3,3,3,3,3,2,2,2,2,3,4,4,4,4,3,4,4,4,4,3,5,4,3,3
22,2,2,2,4,4,4,2,1,3,2,1,2,2,4,2,4,4,5,5,4,2,4,4,4,5,2,4,3,3,3
20,1,1,2,4,3,5,2,1,4,1,2,1,2,1,1,1,4,5,5,5,1,5,4,4,4,2,5,4,5,5
58,2,4,2,5,1,5,4,1,2,1,2,2,1,1,1,2,1,5,1,5,1,4,2,2,5,1,5,3,5,5
57,2,4,2,4,4,4,5,3,4,3,3,3,3,4,4,4,4,4,4,4,3,4,4,4,5,5,5,5,2,2
21,1,1,2,3,3,4,4,1,3,3,2,2,3,3,3,3,3,3,4,5,3,4,3,4,4,2,4,3,3,3
34,2,2,2,4,2,4,3,2,4,1,2,2,2,2,4,5,4,4,4,5,3,5,5,4,4,4,4,2,3,3
24,1,2,2,4,2,2,2,1,3,5,2,4,4,4,5,5,3,3,3,4,4,2,4,2,4,2,4,4,1,1
24,2,3,2,4,5,4,4,2,4,3,4,5,5,5,5,5,3,5,5,4,2,5,5,5,3,2,5,3,2,2
21,2,1,2,4,2,2,4,2,4,1,3,2,4,1,4,4,5,4,5,5,2,5,5,5,5,4,4,2,1,1
21,2,1,2,3,4,4,4,2,4,2,3,2,4,4,4,4,4,4,5,4,2,5,4,5,4,3,5,4,2,2
24,2,2,2,4,4,4,4,4,5,2,4,4,2,4,4,4,5,4,4,5,4,5,5,5,4,4,4,4,3,3
45,2,2,2,2,4,4,2,1,3,2,2,1,1,1,2,1,4,5,5,4,2,2,4,4,1,2,1,4,4,4
19,2,1,2,4,4,2,4,1,5,2,2,1,2,3,2,2,4,4,5,5,2,5,4,4,4,2,4,4,2,2
23,2,2,2,2,4,5,4,2,2,1,3,1,1,3,2,4,5,4,4,5,4,3,3,4,5,4,4,2,4,4
52,1,2,2,4,4,4,3,3,4,3,3,3,3,2,2,3,5,4,4,4,4,4,4,4,4,4,5,4,3,3
20,2,1,2,5,4,4,4,4,5,4,4,2,5,5,4,5,3,3,4,5,4,4,5,5,3,2,4,2,1,1
20,2,1,2,4,4,2,2,2,2,2,2,2,2,4,3,4,4,4,4,4,2,4,4,2,2,2,4,2,1,1
37,2,2,2,3,3,3,3,2,3,3,3,2,2,2,2,3,4,4,4,4,2,3,4,3,4,4,3,2,2,2
19,2,1,2,4,3,5,4,1,3,3,3,4,4,3,5,5,4,5,5,5,4,4,4,4,5,4,5,4,3,3
20,1,1,2,5,3,4,3,2,5,4,4,1,4,3,5,5,5,3,3,5,4,5,5,5,5,2,5,3,3,3
18,2,1,2,4,4,2,1,1,4,1,1,4,5,3,5,4,2,3,3,4,5,5,4,4,4,2,4,5,1,1
22,2,1,2,5,5,4,4,2,4,2,4,3,4,4,3,5,4,4,4,5,4,5,5,5,5,3,5,4,3,3
24,2,2,2,2,2,2,1,1,4,1,1,2,2,4,3,2,2,2,2,4,2,4,4,4,4,2,4,2,3,3
20,2,1,2,4,4,4,4,3,4,2,4,4,4,5,4,4,4,4,4,5,4,4,4,4,5,4,5,4,2,2
22,1,1,2,4,4,4,2,2,3,3,2,2,2,2,2,2,3,3,4,4,3,2,4,2,4,2,5,2,3,3
20,2,1,2,4,4,3,3,1,4,2,3,2,3,1,2,3,4,3,3,4,2,4,4,4,3,2,3,2,2,2
22,2,1,2,4,4,4,4,4,4,3,4,4,2,3,3,4,3,4,4,3,3,4,4,4,4,4,4,4,3,3
22,2,1,2,3,4,3,4,2,4,2,4,2,5,3,3,4,3,3,4,5,4,4,4,4,4,3,4,3,2,2
22,2,1,2,4,4,2,4,2,4,2,4,2,4,4,2,4,3,4,4,4,4,4,4,4,4,4,4,4,1,1
20,2,1,2,5,4,3,4,2,4,4,3,2,4,4,3,5,4,4,4,4,4,5,5,4,5,4,4,3,3,3
69,1,6,2,3,2,5,3,3,3,3,3,2,2,2,3,4,5,4,4,4,3,3,4,4,4,3,4,2,4,4
22,2,1,2,5,4,5,4,4,4,3,3,1,3,4,2,4,5,4,5,5,3,5,5,4,3,4,2,1,3,3
23,2,1,2,4,4,4,3,2,4,2,3,4,4,3,4,4,4,4,4,4,2,4,4,3,3,4,4,1,3,3
19,2,1,2,4,4,2,1,1,4,1,1,3,2,4,4,3,4,4,4,3,4,4,4,3,2,2,4,2,1,1
20,2,1,1,5,4,4,4,3,4,3,3,2,4,3,4,5,5,4,5,4,4,5,4,4,3,2,5,5,3,3
23,2,1,1,5,4,3,2,1,4,3,1,1,4,1,2,2,5,4,4,5,4,4,4,4,1,1,2,1,4,4
21,1,1,2,4,3,3,4,2,5,1,3,5,4,5,5,5,4,3,5,5,4,5,5,5,4,5,4,3,3,3
22,1,2,2,3,3,4,3,1,4,2,2,2,2,2,2,3,3,4,4,4,2,4,3,3,4,3,5,4,4,4
18,2,1,2,4,4,4,2,2,4,2,2,2,4,4,4,4,3,4,4,4,2,2,2,2,4,4,3,3,2,2
21,1,1,2,4,3,3,4,2,4,2,2,2,2,2,3,2,4,4,3,4,2,4,4,4,4,2,4,3,4,4
19,2,1,2,4,4,4,4,1,4,1,2,1,2,4,2,4,4,4,4,4,2,4,2,2,4,4,4,2,4,4
51,2,2,2,5,5,4,3,3,4,3,3,4,2,4,4,4,5,4,5,4,4,4,4,4,4,3,5,4,1,1
20,2,3,2,4,4,5,4,1,4,2,4,1,4,4,1,4,5,4,4,5,2,4,4,4,5,2,5,3,4,4
23,2,2,2,4,4,4,3,2,3,3,3,4,4,4,3,4,4,4,4,4,3,4,4,4,4,4,4,4,3,3
19,1,1,2,4,4,4,4,3,4,4,4,3,4,3,4,4,5,4,4,5,3,4,5,5,4,2,5,4,3,3
79,2,6,2,4,5,4,3,3,5,3,3,4,2,4,5,4,4,4,5,5,3,5,4,4,5,3,4,4,1,1
53,1,2,2,4,4,4,2,2,5,3,2,4,3,4,4,4,4,5,4,5,4,4,4,3,4,2,5,2,4,4
22,1,1,2,4,4,4,3,2,4,2,2,3,4,3,4,4,3,4,4,4,2,4,5,3,4,4,5,3,1,1
20,2,1,2,3,2,5,2,2,3,1,2,3,3,2,2,2,4,4,4,5,2,4,4,3,4,2,4,3,2,2
19,1,1,2,5,4,3,1,1,5,1,1,1,2,4,5,4,5,1,4,3,2,5,5,4,4,1,4,4,3,3
22,2,2,2,4,4,5,3,1,4,2,2,5,4,5,5,5,4,3,5,4,4,2,2,2,5,2,5,4,2,2
54,2,2,2,2,2,4,1,1,2,1,1,2,1,2,2,4,4,4,4,4,1,2,2,2,3,2,4,4,4,4
54,1,2,2,4,4,5,1,1,4,3,2,1,1,4,2,4,5,4,4,4,2,4,4,4,3,3,4,2,4,4
61,1,6,2,4,4,5,1,1,4,4,1,1,2,1,1,3,5,4,4,5,1,3,4,2,4,2,5,4,5,5
19,2,1,2,4,2,4,1,1,2,3,1,2,2,3,3,5,4,4,5,5,3,5,4,5,5,1,5,5,1,1
22,1,1,2,5,5,4,4,2,5,2,4,1,3,3,2,2,3,3,3,5,2,4,4,2,4,1,4,1,3,3
29,2,2,2,4,4,3,3,2,4,2,3,3,3,3,3,4,4,4,4,4,3,4,4,4,4,4,4,3,2,2
21,2,2,2,4,4,4,3,2,4,2,3,3,4,3,5,4,4,4,4,4,3,4,4,3,4,4,4,4,1,1
22,1,1,2,4,3,3,4,2,4,2,2,2,2,3,3,4,3,4,4,5,2,4,3,1,4,2,3,2,2,2
52,2,2,2,4,4,4,2,2,4,4,2,2,4,4,4,4,4,4,4,4,4,4,4,4,4,4,3,4,2,2
20,2,4,2,4,2,2,4,2,4,1,4,3,4,4,3,5,3,3,3,5,3,5,4,4,4,5,4,4,3,3
21,2,1,2,5,4,4,5,2,5,2,5,2,4,4,4,5,4,3,4,4,2,4,4,3,4,2,4,2,1,1
48,1,2,2,3,3,4,2,3,2,2,2,2,2,2,4,2,4,2,2,2,1,3,4,3,2,2,4,2,5,5
22,2,2,2,4,4,3,3,3,2,2,1,2,4,4,4,4,4,4,4,5,3,2,3,3,4,4,5,5,3,3
25,1,2,2,5,5,5,2,1,4,1,4,1,2,5,4,4,4,4,4,4,3,3,3,3,3,2,5,2,1,1
80,2,6,2,4,4,3,3,3,4,3,3,2,2,2,3,4,4,4,4,4,3,3,4,3,4,4,4,5,1,1
20,2,1,2,5,4,2,2,1,5,2,3,2,4,5,3,5,4,3,3,5,4,5,5,5,5,2,4,2,1,1
19,2,1,2,3,2,4,1,1,4,3,2,4,4,3,4,4,5,4,4,5,4,5,4,4,4,4,4,2,1,1
20,1,3,2,4,4,4,4,3,4,4,4,3,4,4,4,4,4,3,4,5,3,4,5,4,4,4,5,2,3,3
26,1,1,2,4,4,2,4,4,4,2,4,3,3,2,3,3,5,3,4,4,3,5,4,4,2,2,5,3,1,1
26,1,2,2,4,4,2,3,2,4,3,4,2,4,3,4,4,4,4,4,4,2,4,4,4,3,2,5,2,2,2
18,2,4,2,4,3,4,2,2,2,2,2,1,3,2,1,3,4,5,4,4,2,4,4,4,3,1,4,2,3,3
52,2,4,2,3,4,3,1,3,4,1,3,2,1,3,2,2,2,3,3,4,2,2,4,1,1,2,3,2,4,4
20,2,1,2,4,2,4,2,1,1,1,2,1,1,1,2,2,3,3,3,4,3,3,4,4,4,4,4,3,3,3
24,2,2,2,5,4,4,1,2,5,4,4,1,5,4,4,1,4,5,3,4,3,5,4,5,4,4,1,2,4,4
19,2,1,2,5,4,4,4,1,5,1,4,1,2,2,2,4,5,3,5,5,4,4,5,4,4,2,5,2,3,3
20,2,2,2,5,4,4,4,2,4,3,4,3,3,3,4,4,3,2,4,5,3,3,4,4,4,4,5,4,3,3
20,2,3,2,5,4,2,4,1,5,2,3,3,5,4,3,4,4,4,4,4,3,5,4,5,5,4,5,3,3,3
20,2,2,2,4,5,4,3,1,4,1,4,3,3,5,2,3,4,4,4,5,4,4,2,2,5,5,5,4,1,1
20,2,1,2,4,5,4,2,2,4,2,4,4,4,2,4,4,3,4,4,4,4,4,4,4,2,2,5,4,1,1
20,2,1,2,5,4,5,4,4,4,3,5,2,4,4,5,5,4,4,4,4,2,4,4,4,4,3,5,5,3,3
24,1,2,2,4,3,5,3,3,4,1,3,1,4,2,4,4,4,4,5,5,1,4,4,5,5,2,5,4,4,4
20,2,1,2,5,4,5,5,2,5,2,5,2,5,5,5,5,5,5,5,5,2,5,5,4,4,2,5,5,4,4
19,2,1,2,5,5,4,4,1,5,1,3,1,2,2,2,3,5,5,5,5,1,5,4,2,5,4,5,2,4,4
27,2,2,2,4,3,4,2,2,4,2,2,2,2,4,3,4,5,3,4,4,3,3,2,2,5,4,4,2,2,2
20,2,1,2,4,2,5,1,2,2,1,1,1,2,1,2,3,4,2,3,5,1,4,4,3,4,2,5,3,3,3
20,2,1,2,5,4,4,4,1,4,2,2,2,2,3,2,4,4,4,4,5,2,5,5,4,3,2,4,2,4,4
19,2,1,2,4,2,4,4,2,4,1,3,2,2,2,3,4,3,5,4,5,2,4,4,3,4,2,4,3,2,2
23,1,2,2,4,4,4,2,1,4,4,3,1,3,2,2,4,3,4,4,4,3,4,2,3,5,5,3,4,4,4
19,2,1,2,4,4,5,4,1,4,1,4,1,3,4,1,4,5,4,5,5,2,5,5,5,5,4,3,3,4,4
20,1,1,2,4,4,4,2,1,5,4,1,5,4,2,4,5,2,3,1,4,4,4,5,5,5,3,5,4,1,1
69,2,6,2,4,4,4,3,1,4,3,3,2,2,2,2,4,4,4,5,4,2,3,3,3,4,4,4,3,4,4
20,2,1,2,5,5,4,5,1,5,3,3,1,5,4,4,5,5,5,4,5,5,5,5,5,5,3,5,4,4,4
19,2,1,2,3,4,2,3,1,4,1,1,4,4,3,4,4,4,5,4,5,4,4,3,4,4,2,4,1,2,2
21,2,1,1,3,2,5,2,2,5,1,2,1,2,2,1,3,5,4,5,4,1,4,3,4,3,1,4,3,3,3
20,2,1,2,4,4,4,4,4,3,4,4,2,2,4,4,5,4,2,4,4,3,4,4,4,4,2,5,3,3,3
22,1,1,2,3,3,3,1,3,3,3,3,3,5,3,1,3,3,1,5,5,3,5,5,5,5,3,5,5,3,3
19,2,1,2,3,2,3,3,3,3,2,3,3,4,3,3,3,5,4,3,4,3,4,3,1,4,3,4,5,2,2
47,2,4,2,4,4,4,4,2,4,3,3,2,2,2,3,3,4,4,4,5,2,4,4,3,4,3,4,3,3,3
21,2,1,2,4,4,4,4,3,4,2,4,2,2,3,2,3,4,3,4,4,3,4,4,3,3,3,4,3,3,3
19,2,1,2,5,3,4,3,1,5,2,3,1,4,3,1,2,4,4,5,4,3,5,5,5,5,4,5,3,3,3
19,2,1,1,4,3,3,3,1,4,2,3,2,2,4,2,3,3,3,4,4,2,4,2,3,4,3,4,3,2,2
19,1,1,2,2,4,5,2,1,4,2,2,3,3,4,3,3,5,3,4,5,2,5,5,4,4,5,5,2,4,4
50,2,4,2,4,4,4,3,1,4,3,3,2,2,2,2,3,4,4,4,4,3,4,4,3,4,2,5,4,3,3
18,2,1,2,2,4,4,3,1,2,1,1,3,4,4,3,4,4,4,3,4,2,2,2,2,4,4,5,1,3,3
19,2,1,2,5,4,2,4,2,4,3,4,3,5,5,5,5,4,4,4,5,5,5,5,5,4,2,3,3,1,1
20,2,4,2,4,2,4,3,2,4,1,3,4,2,3,4,4,3,4,4,4,3,4,3,2,4,4,4,2,2,2
23,2,2,2,4,3,4,4,2,3,2,3,4,2,4,4,4,4,5,3,4,4,4,4,2,4,1,5,4,3,3
20,2,1,2,2,1,3,1,1,2,1,1,2,3,1,1,2,5,3,4,5,4,5,4,2,5,1,5,3,2,2
19,2,1,2,4,3,4,4,1,5,1,2,2,5,4,4,5,4,4,4,4,4,4,5,4,4,2,5,5,1,1
53,1,3,2,4,4,4,4,3,4,4,4,4,2,5,5,4,4,2,4,4,3,3,3,4,4,4,4,4,1,1
53,2,2,2,3,2,5,1,1,4,2,1,1,1,1,3,3,4,4,4,4,1,2,3,3,4,1,5,3,4,4
52,1,6,2,4,3,4,3,1,4,1,3,1,1,1,1,2,3,4,4,1,2,3,3,2,2,2,4,3,4,4
47,1,2,2,3,3,4,3,3,4,3,3,2,2,3,3,4,4,4,4,4,2,4,4,3,4,4,4,4,3,3
47,2,2,2,3,2,5,3,1,4,1,3,2,2,1,3,2,4,5,4,5,1,5,4,4,5,1,5,4,4,4
19,2,1,2,3,2,4,2,1,4,1,3,2,4,4,3,4,4,5,5,5,2,5,4,3,5,4,5,2,3,3
50,2,2,2,4,4,2,3,2,4,1,3,4,2,3,2,3,4,5,5,4,4,4,4,3,4,4,5,4,2,2
20,2,1,2,4,4,4,2,1,4,3,3,1,2,4,3,4,4,3,3,5,3,4,4,4,5,3,4,4,2,2
22,1,1,2,4,4,4,3,2,4,4,3,2,4,3,5,4,4,3,3,4,3,4,5,3,4,3,4,3,2,2
21,2,2,2,5,4,3,4,1,4,2,3,4,3,4,5,5,4,3,3,5,3,5,4,5,5,3,5,4,1,1
21,2,1,1,5,4,3,4,2,4,4,4,4,4,4,4,4,4,4,4,4,3,5,4,4,4,2,3,2,3,3
21,2,2,2,4,4,3,4,3,4,3,3,4,4,4,5,4,4,4,4,4,3,4,3,3,4,3,4,2,3,3
49,2,2,2,3,2,4,2,2,3,4,2,2,2,4,2,3,4,2,2,4,2,4,4,4,2,2,2,4,4,4
19,2,1,1,5,5,5,5,2,5,4,4,5,4,5,5,5,4,5,5,4,5,5,4,4,5,4,5,5,1,1
20,2,1,2,4,3,4,4,3,4,2,3,2,3,4,3,4,4,4,4,5,2,4,5,4,4,2,4,4,4,4
20,1,1,1,4,3,5,3,1,2,1,3,1,1,5,3,4,5,4,4,4,1,4,5,1,5,2,5,1,5,5
23,1,2,2,4,4,2,4,4,3,3,4,2,4,4,3,4,4,4,5,4,2,3,4,4,4,2,4,2,1,1
20,2,1,2,4,4,4,4,1,5,4,3,4,4,4,5,5,5,4,5,5,4,5,5,5,5,2,4,5,1,1
51,1,2,2,3,3,3,5,4,2,4,4,2,3,4,4,2,3,4,5,4,3,4,4,5,5,5,2,3,4,4
22,2,5,2,4,5,2,4,2,4,1,4,5,4,5,5,5,2,4,4,5,4,4,5,5,5,3,4,4,2,2
28,2,3,2,4,4,5,4,2,4,4,3,1,1,5,2,4,2,4,3,4,4,4,3,4,4,5,5,2,3,3
50,2,2,2,4,4,2,4,3,4,2,3,3,2,2,4,2,5,3,5,4,2,4,4,5,4,4,4,2,3,3
19,2,1,2,3,2,4,2,3,2,1,3,3,3,2,5,4,3,4,2,4,2,4,4,4,4,3,4,3,2,2
20,2,1,2,4,4,4,2,2,5,2,3,4,5,4,4,5,4,5,4,5,5,5,4,4,5,4,5,4,1,1
19,2,1,2,2,2,4,3,3,3,1,3,4,4,3,3,4,4,4,4,4,3,4,4,3,4,2,4,4,3,3
22,2,1,2,4,4,4,4,3,4,2,4,2,3,3,3,3,4,4,4,4,3,4,4,3,4,2,4,3,3,3
22,2,2,2,3,4,4,4,4,4,2,4,4,4,4,4,4,4,4,4,4,2,3,2,3,4,3,5,5,4,4
22,2,2,2,4,4,4,4,2,4,1,4,2,4,4,4,2,3,4,4,4,2,4,4,2,4,4,5,4,4,4
21,2,2,2,4,4,4,4,1,4,1,2,2,4,4,2,5,4,4,5,5,3,5,5,4,5,5,5,4,2,2
21,2,1,2,5,5,5,3,2,5,1,3,1,2,5,3,5,2,5,4,5,2,5,5,5,5,4,5,4,4,4
20,2,1,2,3,3,4,4,2,4,2,3,5,4,5,5,5,2,4,3,4,4,5,3,5,4,5,5,4,1,1
22,2,4,2,4,3,4,2,1,4,1,2,2,3,2,2,2,3,4,3,4,3,4,4,3,4,4,4,1,3,3
19,2,1,1,4,4,5,3,2,4,3,2,2,4,4,4,5,4,4,5,4,3,4,4,4,5,3,5,2,3,3
19,2,2,2,4,2,4,4,2,4,2,1,1,2,2,1,4,4,3,4,3,4,2,2,2,5,2,5,5,4,4
18,2,2,2,5,4,4,2,1,5,3,2,2,5,5,4,5,4,4,5,4,2,2,2,2,3,2,3,4,2,2
25,2,2,2,5,2,4,4,2,4,2,4,5,4,4,5,5,1,1,4,5,4,5,5,5,4,2,4,2,1,1
22,2,1,2,4,5,5,4,3,5,3,5,1,5,4,5,5,5,5,4,5,4,4,5,5,5,5,4,4,3,3
20,1,4,2,4,4,4,3,1,4,1,2,1,2,1,2,2,4,4,4,4,1,5,4,2,4,4,4,1,3,3
78,2,6,2,4,4,4,2,3,4,3,2,3,3,4,4,4,4,4,4,4,3,4,4,3,4,3,4,4,3,3
50,2,6,2,4,4,4,4,3,4,2,4,2,3,3,3,3,4,4,4,4,2,4,4,4,5,3,5,4,4,4
51,1,2,2,4,2,4,3,3,4,2,3,2,2,2,1,3,4,4,4,4,3,2,4,2,4,3,4,2,3,3
49,1,2,2,3,4,4,4,2,3,3,2,4,2,3,3,4,5,5,5,4,1,4,4,2,4,2,5,4,3,3
21,2,1,2,4,4,5,4,1,4,1,3,3,4,4,4,5,5,5,5,5,2,4,3,3,5,5,5,5,3,3
20,2,5,2,4,5,2,4,2,4,2,4,1,4,4,2,2,5,4,3,5,4,4,4,2,4,4,4,3,2,2
18,1,1,2,5,4,4,3,1,4,2,3,1,1,3,2,3,2,3,4,4,2,2,4,2,4,2,4,2,3,3
23,1,1,2,4,4,4,4,2,4,2,3,2,4,4,4,5,4,4,4,4,2,4,4,4,4,5,4,2,3,3
21,2,3,2,5,4,4,4,2,5,2,3,4,4,4,5,5,4,4,4,4,3,4,4,2,2,3,4,4,1,1
20,1,2,2,5,3,5,3,1,5,2,4,1,2,3,3,4,3,3,5,5,2,4,4,2,4,4,5,1,3,3
39,1,2,2,3,4,2,3,3,4,5,4,4,2,2,4,3,4,4,4,5,3,2,4,5,4,4,4,2,3,3
43,2,2,2,4,4,4,3,2,4,4,3,3,4,4,4,4,4,4,4,4,3,3,4,3,4,4,4,2,2,2
23,1,1,2,4,4,5,5,1,4,3,4,2,3,1,4,4,4,4,4,5,4,4,4,2,5,4,5,1,4,4
43,1,2,2,5,4,2,3,2,4,4,4,2,4,4,3,4,3,4,4,4,4,3,4,4,2,2,4,4,1,1
20,1,1,2,4,3,4,4,1,4,1,2,1,2,4,5,4,3,5,5,5,2,4,4,4,5,1,5,4,3,3
19,2,1,2,4,3,3,1,1,3,3,1,3,3,3,3,4,5,4,3,5,1,5,5,5,5,4,4,4,3,3
20,2,1,1,4,4,4,3,1,4,3,2,1,4,5,3,4,4,4,3,4,2,5,4,5,5,3,5,4,4,4
55,2,4,2,4,4,2,3,1,5,2,1,5,4,5,5,4,3,3,4,4,4,3,4,3,2,3,3,3,1,1
57,1,2,2,4,2,5,2,1,3,2,2,1,1,1,2,2,4,4,5,4,2,2,4,3,4,2,3,2,4,4
26,1,1,2,4,2,1,2,2,4,2,3,3,4,2,3,3,4,3,5,2,4,4,4,4,2,2,3,2,2,2
19,1,1,2,3,3,3,1,1,4,2,1,1,2,1,1,3,3,4,5,4,1,2,4,2,5,5,5,5,3,3
19,1,1,2,5,5,2,4,4,5,4,4,1,4,4,3,5,3,4,3,5,3,4,4,4,5,5,5,5,1,1
25,2,2,2,4,4,3,4,3,4,2,4,2,5,5,5,5,5,4,4,5,3,5,5,5,2,2,4,2,2,2
20,1,1,2,5,2,4,1,1,5,2,1,2,4,2,4,2,3,4,4,4,4,2,4,2,4,1,3,2,2,2
18,1,1,2,5,4,5,4,1,5,1,4,1,2,1,2,1,5,5,5,5,1,1,4,1,5,1,5,3,5,5
20,2,1,2,4,3,4,3,2,4,3,3,4,4,4,4,5,4,3,4,4,4,4,3,3,4,4,3,4,1,1
22,1,1,2,4,4,4,1,1,2,1,2,2,2,1,1,1,2,2,3,4,3,5,4,1,3,2,4,5,5,5
23,1,1,2,5,4,4,4,1,4,2,4,1,4,4,4,4,4,4,5,5,4,4,5,5,5,3,5,4,2,2
24,2,1,1,4,3,3,3,1,4,1,1,2,3,4,2,4,4,4,4,5,2,5,4,2,5,1,3,3,4,4
28,3,1,2,3,3,3,3,3,5,5,4,3,5,4,5,4,3,4,4,4,5,4,5,5,4,4,4,4,1,1
20,1,1,2,4,3,4,4,1,4,2,3,2,3,4,2,3,4,4,4,5,4,4,4,4,4,2,5,2,3,3
19,1,3,2,3,4,3,3,1,1,2,2,2,4,4,1,2,3,3,4,4,3,4,5,4,4,4,5,4,1,1
27,2,2,2,4,4,3,4,2,4,3,4,4,5,5,4,5,4,3,4,4,5,5,4,4,4,3,5,4,1,1
62,2,6,2,5,4,2,4,3,4,4,3,3,2,3,4,4,4,5,4,5,3,4,4,4,3,3,4,4,3,3
27,2,2,2,4,4,5,4,3,5,3,5,5,5,5,4,5,4,5,5,5,4,4,4,4,5,4,5,3,2,2
22,1,4,2,5,4,3,2,4,4,5,2,1,4,2,4,5,4,5,5,4,2,4,4,3,5,4,4,4,2,2
21,1,2,2,4,4,3,2,1,4,1,3,2,4,2,4,4,4,4,3,4,2,4,4,4,4,2,4,3,2,2
45,2,2,2,3,4,3,2,3,4,3,1,2,3,2,4,4,4,4,4,4,2,4,4,2,4,2,4,4,1,1
19,1,1,2,5,2,4,1,1,4,2,1,1,2,4,1,4,2,4,3,5,4,5,4,4,5,4,5,3,2,2
37,1,2,2,4,2,3,4,3,4,2,4,2,3,2,2,4,4,4,4,4,3,3,4,4,4,5,5,4,2,2
21,2,1,2,3,4,4,4,2,4,2,4,1,3,4,2,4,4,4,4,5,2,5,4,4,5,4,4,4,4,4
23,2,1,2,4,4,4,4,3,4,3,4,2,4,4,4,4,3,3,4,4,3,4,5,4,5,4,5,4,3,3
41,2,2,2,3,2,4,3,2,2,3,3,2,2,2,3,2,3,3,3,3,2,2,2,2,3,2,3,3,1,1
49,1,2,2,4,4,1,4,3,4,5,3,2,3,2,4,3,5,5,5,4,3,3,3,2,2,3,4,3,2,2
18,2,1,2,5,5,5,4,1,1,1,1,1,4,5,1,5,5,5,5,5,1,3,5,5,5,5,5,1,5,5
19,1,1,2,5,4,2,2,1,5,2,1,1,4,2,1,1,4,3,4,5,3,5,5,5,4,1,4,3,2,2
23,1,1,2,4,4,3,1,1,3,3,1,4,4,3,4,4,4,2,4,1,5,3,4,4,2,1,4,2,1,1
22,1,1,2,5,3,4,3,1,5,1,3,1,2,3,1,4,1,4,4,5,2,4,5,3,5,4,5,2,3,3
21,2,5,2,4,3,4,2,1,4,2,4,3,4,4,5,4,4,4,4,4,5,4,4,4,4,4,4,4,2,2
21,1,2,2,5,4,3,5,4,5,2,4,3,4,5,4,4,4,3,4,2,2,2,4,4,4,5,4,4,2,2
18,2,1,2,5,4,4,5,4,5,2,3,3,4,4,4,4,5,5,5,5,4,5,5,3,4,2,3,3,1,1
20,1,1,2,5,3,3,1,1,5,4,1,2,2,2,1,4,5,5,5,5,4,5,5,5,5,5,5,1,1,1
21,1,1,2,4,4,2,3,4,4,2,4,2,2,4,4,4,3,3,4,3,4,5,5,4,5,4,5,3,3,3
48,2,2,2,5,4,3,3,3,4,1,4,2,4,4,3,4,3,5,5,4,3,4,5,3,5,3,5,2,3,3
21,2,1,2,3,4,3,4,2,4,3,3,1,4,2,3,4,4,4,4,5,2,4,3,2,5,5,5,4,3,3
21,2,1,1,2,3,1,3,2,1,2,2,5,4,5,4,4,4,4,3,4,4,4,4,4,3,4,2,3,1,1
21,2,1,2,5,5,2,4,5,5,4,5,4,5,4,5,5,4,4,4,5,4,5,4,4,4,3,4,4,2,2
20,2,4,2,5,4,2,4,1,5,2,4,5,5,4,5,5,3,4,2,4,2,5,4,3,3,5,4,4,1,1
19,2,1,2,4,4,5,4,1,4,2,2,1,3,4,2,4,5,4,4,5,2,4,4,4,5,3,4,4,3,3
20,2,3,2,4,3,2,3,2,4,2,2,3,3,2,3,4,4,4,4,4,4,4,4,4,4,3,4,4,2,2
25,2,3,2,4,4,2,3,2,2,3,4,4,4,4,5,5,4,4,4,4,4,4,5,4,3,3,4,3,1,1
20,2,1,2,5,4,4,4,2,4,2,2,2,3,5,3,4,3,4,4,5,2,4,4,2,4,5,4,2,4,4
20,2,2,2,4,2,2,2,1,4,1,3,2,3,3,4,4,5,3,4,4,2,4,4,3,3,3,4,3,1,1
26,2,2,2,4,2,5,2,1,3,4,2,3,2,2,4,4,2,2,5,4,2,4,2,2,4,4,4,2,2,2
56,1,2,2,3,2,4,4,3,3,1,3,2,2,1,2,2,3,3,4,4,2,4,4,3,4,4,4,3,3,3
63,2,4,2,4,4,3,4,3,4,3,4,4,3,4,4,4,4,4,4,4,3,4,5,4,4,4,4,4,1,1
56,2,2,2,3,4,4,3,3,4,3,3,2,3,4,4,4,3,4,5,5,3,4,5,4,5,3,5,4,3,3
21,2,1,2,5,5,4,2,2,5,3,2,4,3,3,3,4,4,4,4,5,4,4,4,4,4,4,5,3,1,1
21,2,1,1,4,2,3,5,1,2,1,5,4,3,5,4,4,3,5,5,5,2,5,5,5,5,3,5,3,4,4
81,2,6,2,3,3,5,5,3,5,3,5,1,2,4,1,3,3,4,4,4,1,4,4,4,4,4,3,3,4,4
19,2,1,2,3,4,2,4,3,4,2,4,1,3,4,2,5,4,5,5,5,4,5,5,5,3,5,4,3,2,2
19,1,3,2,3,1,2,2,1,3,1,1,1,1,1,4,2,3,5,4,5,2,5,4,2,4,1,5,2,2,2
21,3,1,2,5,4,2,2,1,4,1,2,5,4,5,5,5,4,3,3,4,5,4,5,4,2,3,2,2,1,1
20,1,1,2,5,4,5,4,1,5,2,2,5,4,2,4,4,2,5,5,4,2,4,4,4,5,2,5,2,5,5
30,2,1,2,5,5,4,1,1,4,4,3,3,3,5,2,4,4,4,5,3,2,3,4,4,5,3,5,3,3,3
20,2,1,2,4,5,4,4,1,4,2,2,2,5,4,2,5,4,4,4,5,4,4,4,4,5,4,5,4,3,3
52,2,2,2,4,4,4,3,3,4,3,3,3,3,4,4,4,4,4,4,4,3,3,4,3,4,4,4,2,3,3
20,2,1,2,4,4,4,4,2,4,2,4,2,4,5,4,4,4,4,5,5,3,4,4,4,5,4,4,4,3,3
20,2,1,2,3,3,5,4,1,4,1,2,4,1,3,2,4,4,4,4,5,4,4,4,2,4,5,4,5,2,2
53,2,4,2,4,4,4,3,3,4,3,3,4,3,4,4,4,4,4,4,4,3,3,3,3,4,4,4,4,2,2
18,1,2,2,4,4,4,3,2,4,2,3,2,4,3,3,4,4,4,4,5,3,4,5,4,4,4,4,3,4,4
23,1,1,2,5,4,5,2,1,4,3,4,1,2,5,2,5,4,4,4,4,2,4,4,4,5,4,4,4,4,4
53,1,2,2,4,4,4,3,3,4,2,3,2,3,4,4,4,4,4,4,4,4,4,4,2,4,2,4,3,2,2
21,1,2,2,3,1,4,2,1,2,2,1,1,1,1,1,1,3,4,3,4,1,4,4,3,4,2,5,4,4,4
49,2,2,2,2,4,4,1,1,4,3,1,4,4,2,4,4,4,2,4,4,4,4,4,4,4,4,5,5,3,3
21,1,1,2,4,3,4,4,1,4,2,2,1,3,3,4,3,2,4,4,4,2,4,3,2,4,2,5,2,3,3
25,1,2,2,4,4,4,2,1,4,1,2,1,4,1,2,1,5,3,4,5,3,3,4,2,2,1,4,2,4,4
20,1,1,2,4,4,3,4,4,5,2,4,4,5,4,4,4,5,2,4,4,4,4,4,4,4,4,1,4,2,2
20,2,1,2,4,2,5,3,1,4,1,3,3,2,2,1,4,5,4,4,5,4,5,5,4,5,4,5,2,3,3
24,2,1,2,5,4,2,2,2,3,2,3,2,3,4,3,4,2,4,4,4,1,3,1,1,4,4,3,1,4,4
24,1,2,2,4,3,2,3,1,3,2,3,2,3,3,2,2,3,3,5,4,2,4,4,4,5,3,4,4,3,3
20,2,1,2,4,3,4,4,1,4,1,4,3,3,3,3,4,4,4,5,5,3,5,4,4,3,2,4,5,3,3
25,1,1,2,4,2,4,1,1,2,2,2,2,3,2,4,4,5,4,4,4,4,4,4,4,4,2,5,4,1,1
26,2,1,2,4,3,4,3,3,4,1,3,4,2,4,4,4,4,4,4,4,3,5,5,5,4,5,3,3,2,2
44,2,4,2,3,2,4,1,1,1,1,1,1,1,1,3,3,5,5,5,4,1,5,4,3,5,4,5,3,5,5
23,1,2,2,4,5,4,3,3,4,2,3,2,4,4,3,4,4,4,4,5,2,4,5,4,4,3,4,2,3,3
60,1,2,2,4,3,5,1,1,4,2,3,1,1,5,5,4,5,4,5,5,1,4,3,4,5,3,4,3,5,5
20,1,1,2,5,5,5,5,4,5,2,5,1,5,5,1,5,5,4,4,5,4,3,4,1,5,1,5,2,4,4
19,3,1,2,5,4,3,3,2,4,3,3,5,4,4,5,4,5,4,4,4,4,5,4,5,5,2,5,5,1,1
21,1,1,2,4,4,4,1,1,4,1,1,1,2,4,3,4,5,4,4,5,4,4,4,4,5,3,5,5,2,2
29,2,2,2,5,5,4,4,1,5,3,4,3,4,5,4,5,4,4,4,5,2,5,5,4,5,3,5,5,2,2
20,2,1,1,5,4,4,4,4,5,3,5,2,5,5,4,5,4,4,4,5,4,5,5,5,5,4,5,5,1,1
20,2,1,2,4,4,3,4,3,4,2,4,2,3,4,3,4,4,4,4,4,3,4,4,4,4,3,4,4,3,3
21,2,1,1,4,4,4,4,4,4,3,4,3,3,4,3,4,4,4,4,4,4,5,5,3,4,4,4,4,3,3
23,2,2,2,4,2,4,3,2,4,2,3,2,3,3,3,4,4,4,2,5,2,4,4,2,5,2,5,4,3,3
20,2,1,2,4,4,5,4,3,4,2,3,2,4,4,3,4,5,4,4,4,4,4,5,3,4,5,4,4,3,3
20,2,1,2,3,3,3,3,3,3,2,4,4,5,4,5,5,3,3,4,4,3,4,4,4,5,3,5,5,1,1
20,2,1,1,4,4,3,4,4,4,2,4,2,4,4,4,4,4,4,4,4,3,4,4,4,4,4,4,4,3,3
21,2,1,2,4,4,5,4,2,4,1,4,1,4,2,3,2,4,4,4,5,3,2,3,1,4,1,5,4,3,3
22,2,1,1,4,4,4,2,3,4,1,4,2,4,4,4,4,4,4,4,5,4,4,4,4,4,1,5,2,2,2
56,2,6,2,4,2,5,4,2,4,2,3,2,2,2,4,4,3,4,3,3,2,2,3,3,5,2,4,4,4,4
29,1,1,2,3,4,3,3,2,3,4,3,2,3,2,3,2,4,3,3,4,3,3,3,2,3,2,4,3,3,3
20,2,1,2,4,3,4,2,2,2,3,2,2,2,3,4,2,4,3,4,4,2,4,4,4,4,1,4,2,3,3
21,2,1,2,4,2,4,2,2,3,4,2,2,3,3,2,4,4,4,4,4,4,4,4,4,5,4,5,2,3,3
80,2,6,2,4,4,4,3,4,3,2,3,4,2,4,3,4,4,4,4,4,2,4,4,3,4,4,4,4,3,3
54,1,2,2,3,3,4,1,1,1,2,1,3,2,1,2,2,4,4,5,2,1,1,2,4,4,4,5,2,3,3
19,2,1,2,4,4,5,3,1,5,2,3,3,4,4,4,5,5,2,2,4,4,5,4,4,4,2,2,5,2,2
23,2,2,2,5,5,5,4,2,5,1,4,2,2,3,3,3,4,4,5,5,2,4,4,4,5,4,5,3,5,5
19,2,1,2,5,5,4,5,4,5,4,5,2,5,5,4,5,5,4,2,5,4,5,5,4,2,4,2,5,1,1
19,2,1,2,4,2,4,4,3,4,1,3,2,1,1,1,4,4,5,5,2,1,2,1,1,4,3,3,4,5,5
20,2,1,2,4,4,4,3,2,4,3,3,4,3,4,4,4,5,4,4,5,2,4,5,4,4,3,5,4,3,3
20,2,1,2,4,4,5,5,3,5,5,4,2,4,4,4,5,4,4,5,5,3,5,5,4,4,3,4,3,2,2
23,2,2,2,4,3,4,4,1,3,1,4,5,4,3,4,4,4,4,4,5,3,2,4,2,4,2,5,4,3,3
20,2,1,2,4,4,4,3,2,5,1,4,3,3,4,4,4,4,4,4,5,3,5,5,1,4,2,5,3,3,3
20,2,1,2,4,4,4,4,1,4,2,2,1,3,4,1,4,4,4,5,5,2,4,4,3,5,4,5,3,3,3
47,2,3,2,1,1,5,1,1,2,1,1,2,1,1,4,2,3,4,4,1,1,4,4,2,4,4,1,2,2,2
19,2,1,1,4,4,4,4,2,3,3,3,2,5,4,4,4,4,4,4,5,4,4,4,4,5,4,5,5,3,3
19,2,1,2,4,4,5,4,5,4,1,1,1,2,1,4,4,4,4,5,5,1,5,5,3,5,2,5,2,4,4
53,2,4,2,4,4,2,4,1,4,3,4,5,2,3,4,4,5,4,4,5,3,4,5,4,4,4,4,3,1,1
19,1,1,2,4,4,5,3,1,5,4,4,3,4,4,4,4,3,4,4,5,2,2,2,4,5,3,4,2,2,2
51,1,2,2,5,4,4,4,3,4,4,3,4,5,4,4,4,4,4,5,4,2,4,4,3,4,2,1,2,1,1
20,2,1,2,4,4,4,5,4,4,1,5,5,4,3,5,5,4,4,4,5,4,5,5,5,5,5,5,4,2,2
52,2,2,2,4,4,1,3,3,4,2,3,2,2,2,2,4,4,4,4,5,2,4,5,4,5,2,5,2,2,2
21,2,1,1,4,2,4,4,3,5,2,5,4,5,5,5,5,4,4,4,5,4,5,4,4,4,4,4,4,3,3
22,1,2,2,4,3,3,1,1,3,3,1,1,2,3,3,4,3,4,4,4,3,4,4,3,4,2,4,4,2,2
21,1,2,2,5,5,4,3,1,5,3,4,1,3,3,3,4,5,4,5,5,3,4,4,3,5,2,5,3,4,4
21,1,1,2,4,4,4,2,2,3,2,2,1,4,4,1,3,4,4,4,4,2,4,4,3,4,4,5,4,3,3
20,1,4,2,4,4,3,2,1,4,2,2,1,5,2,4,4,4,3,5,5,5,4,4,2,5,2,5,4,3,3
20,2,1,2,4,4,2,4,2,4,2,4,3,4,4,4,4,4,4,4,4,4,4,4,4,4,4,4,5,3,3
24,1,2,2,4,4,5,3,1,4,1,4,1,3,4,3,4,4,4,4,4,2,4,5,4,4,2,4,4,4,4
30,2,1,2,4,5,3,3,1,4,4,4,2,3,5,4,5,5,4,5,5,3,5,5,5,5,1,5,5,2,2
45,1,5,2,3,2,4,1,2,2,2,2,2,1,2,1,2,3,3,4,4,1,4,4,2,4,4,4,4,5,5
21,1,1,2,5,5,3,3,3,5,5,4,2,5,3,2,4,4,4,4,2,5,5,3,4,3,2,4,1,1,1
26,1,2,2,5,4,1,1,1,5,1,1,2,3,2,2,5,2,2,2,2,4,4,4,5,2,3,5,4,1,1
23,1,2,2,3,2,5,2,2,2,2,2,2,2,4,3,4,2,3,5,4,2,3,3,2,4,2,4,4,4,4
20,2,1,2,5,4,4,3,1,5,2,3,5,4,5,3,5,5,4,5,5,4,5,5,5,4,5,3,4,1,1
20,2,2,2,4,5,2,4,3,5,2,4,3,4,4,4,5,5,4,4,4,4,4,3,4,4,2,4,2,2,2
19,2,1,2,5,5,5,4,1,5,3,2,2,4,4,4,5,5,4,2,5,2,5,4,2,3,3,5,1,1,1
20,2,1,2,1,2,4,2,5,4,2,4,4,3,1,4,5,3,5,4,4,2,1,2,4,2,4,3,3,2,2
20,2,4,2,3,4,3,2,1,3,2,2,2,2,2,3,3,4,5,5,5,4,4,4,4,4,4,5,2,3,3
20,2,1,2,4,4,4,4,4,4,1,4,4,5,4,4,5,4,5,5,4,2,4,4,2,5,1,5,4,4,4
19,1,1,2,4,4,4,4,5,4,4,5,4,3,4,4,4,4,2,4,4,4,2,4,4,4,4,4,4,2,2
28,1,2,2,5,5,4,3,3,5,3,3,1,4,5,2,4,3,4,5,4,1,5,4,5,4,4,5,2,4,4
22,2,2,2,5,4,4,4,2,4,2,4,2,4,2,4,4,5,4,4,5,4,5,5,4,5,5,4,3,3,3
22,1,2,2,4,4,4,4,1,4,3,4,4,3,4,4,4,5,5,5,5,3,5,4,5,4,4,5,4,3,3
79,2,6,2,1,2,3,3,1,1,1,1,4,1,3,1,2,3,3,3,2,1,1,3,3,4,1,4,1,3,3
19,2,1,2,4,4,3,4,2,4,1,3,2,4,3,4,4,3,4,4,4,3,4,4,4,4,2,4,3,2,2
21,2,1,2,4,2,4,4,4,4,2,2,2,2,4,4,4,4,4,4,4,2,3,3,2,2,2,4,2,2,2
20,2,1,2,4,3,4,3,1,4,1,4,3,4,4,4,3,4,4,4,5,4,5,5,4,4,4,4,1,3,3
29,2,4,2,4,4,4,1,1,4,3,3,3,4,4,4,4,4,4,3,4,3,4,4,3,4,2,4,4,2,2
21,2,2,2,4,2,5,2,1,2,1,4,2,1,4,2,2,5,4,4,4,1,5,4,5,3,2,4,2,4,4
21,1,4,2,3,2,4,4,1,3,3,3,1,1,3,3,4,5,4,5,5,2,4,2,4,4,3,5,5,5,5
19,2,1,2,2,2,4,2,2,3,1,3,2,2,2,3,2,4,4,2,4,1,2,2,2,4,2,4,2,3,3
20,2,1,2,4,2,4,4,3,3,2,3,5,2,3,5,1,4,3,3,4,4,2,4,3,3,3,4,3,4,4
52,2,2,2,4,4,2,3,3,4,2,3,5,5,3,2,4,3,4,4,5,4,4,4,3,4,4,5,4,2,2
22,2,2,2,4,4,5,3,2,4,2,4,2,4,5,3,5,4,4,4,4,2,3,4,4,5,5,5,5,3,3
20,2,1,2,3,3,3,2,1,4,2,1,1,2,2,3,3,4,4,3,3,2,4,2,3,3,2,4,3,2,2
49,1,2,2,3,2,4,2,1,3,2,1,2,1,2,2,1,4,4,4,2,2,4,3,4,3,2,3,3,4,4
49,2,2,2,5,4,4,4,3,4,2,4,2,2,4,4,3,5,5,5,5,2,4,4,3,5,4,5,4,4,4
42,2,2,2,3,2,2,2,2,4,2,3,2,2,2,4,4,4,4,4,4,2,4,5,4,4,4,4,2,2,2
72,2,2,2,4,3,3,4,4,4,3,3,3,3,2,4,4,4,4,4,4,4,4,4,4,4,4,3,2,1,1
23,1,1,1,4,4,5,4,2,4,4,2,1,2,4,2,2,2,4,4,4,3,4,2,2,4,2,4,4,4,4
21,2,1,2,5,2,4,5,5,4,1,2,4,4,4,4,4,4,4,5,5,2,4,5,5,5,2,5,4,3,3
20,2,2,2,4,4,4,3,2,4,3,3,5,4,5,5,5,4,4,4,3,4,4,4,3,4,2,4,3,1,1
57,1,2,2,4,2,4,2,2,2,3,2,1,2,2,2,3,5,4,5,4,3,4,5,3,4,4,4,3,4,4
59,1,2,2,3,1,5,4,2,4,2,3,2,1,2,2,4,5,4,4,5,2,2,4,3,2,2,4,5,4,4
64,2,4,2,4,4,4,2,3,4,2,2,4,4,4,4,5,4,4,4,4,4,4,4,3,4,4,3,3,2,2
56,2,2,2,4,4,4,3,3,4,4,3,4,4,3,3,4,4,4,5,4,3,3,4,3,4,4,4,4,1,1
32,2,2,2,4,3,4,4,2,4,3,3,2,3,4,4,5,4,4,4,4,1,3,4,3,4,4,5,3,1,1
56,1,2,2,5,4,2,2,1,4,3,2,1,4,4,4,2,4,4,4,4,2,3,3,3,4,3,4,4,3,3
20,2,1,2,4,5,2,3,1,5,1,4,5,5,2,5,5,5,4,4,4,5,5,5,4,4,2,4,2,1,1
23,1,2,2,3,1,5,1,1,3,4,1,5,5,2,4,4,4,2,2,4,5,5,5,5,5,4,5,5,4,4
21,2,1,2,4,2,3,2,1,2,1,2,2,3,4,4,4,4,4,4,4,2,4,5,4,3,3,4,2,2,2
21,2,2,2,5,4,5,2,2,4,4,2,4,4,4,5,5,4,4,3,2,3,2,2,2,3,5,3,1,1,1
50,1,2,2,4,2,5,4,4,2,2,4,2,2,3,5,3,4,3,5,4,2,2,4,4,5,4,4,5,2,2
19,2,1,2,5,5,4,3,3,5,4,4,4,2,4,4,4,4,4,5,5,4,5,5,4,4,5,4,4,2,2
48,2,2,2,4,2,3,3,2,4,2,3,3,2,3,3,3,3,4,4,4,3,3,4,4,5,3,5,3,3,3
48,2,2,2,4,4,4,4,4,4,3,4,3,4,3,2,3,3,4,5,5,4,4,4,4,4,4,5,3,2,2
18,2,1,2,4,3,4,4,1,3,1,2,1,2,2,2,4,4,4,4,4,1,4,2,4,5,2,3,3,2,2
19,1,1,2,4,3,4,3,3,5,2,4,3,4,5,1,3,5,4,3,5,4,5,5,5,5,3,5,3,3,3
52,2,2,2,4,4,4,2,3,4,3,3,4,2,4,2,4,4,5,5,4,3,4,4,4,4,4,4,3,2,2
20,2,1,2,5,4,2,4,2,4,2,4,2,5,4,5,5,3,3,3,5,4,5,5,5,4,4,3,4,1,1
25,3,3,2,1,1,1,1,1,1,1,1,1,1,1,1,1,1,4,3,1,1,1,1,1,5,1,1,2,5,5
99,3,1,2,1,5,1,1,1,1,5,4,1,5,1,5,5,5,1,1,5,1,1,1,5,1,1,1,1,5,5
20,1,1,2,5,5,4,2,3,5,4,2,3,4,2,4,3,4,3,3,5,4,4,4,3,4,3,4,4,1,1
54,1,1,2,1,5,1,3,4,4,4,5,5,4,3,4,4,4,4,5,5,4,5,4,4,5,5,5,5,1,1
19,3,5,2,4,5,5,4,2,5,2,2,2,4,5,5,5,4,4,4,4,2,4,4,3,4,4,4,2,1,1
21,2,5,2,4,3,3,4,3,3,3,3,2,4,4,4,4,2,5,4,4,4,1,2,2,5,3,5,3,1,1
21,2,1,2,4,4,3,4,4,3,3,3,2,5,4,3,4,3,5,4,4,4,4,4,3,4,4,5,4,3,3
20,2,1,2,5,5,4,2,2,4,2,3,4,4,5,5,5,4,4,4,4,4,5,4,5,5,3,4,4,1,1
20,1,1,2,5,4,5,1,1,2,2,1,4,3,3,2,4,5,4,3,5,3,5,5,5,4,3,5,3,2,2
22,1,1,2,4,4,5,5,1,5,1,4,3,3,3,2,3,5,3,4,5,4,4,4,4,5,3,5,3,3,3
20,2,1,2,4,4,4,4,2,4,2,3,2,3,4,2,4,4,5,4,5,2,5,5,4,4,4,4,3,3,3
31,1,2,2,4,4,3,4,3,4,3,4,1,3,4,4,5,5,4,4,4,3,1,4,4,5,1,5,4,2,2
38,2,2,2,4,4,4,3,3,4,1,3,3,3,3,4,4,4,3,4,4,2,4,4,4,4,3,4,2,3,3
20,2,1,2,4,1,4,3,1,4,1,4,1,2,4,4,5,5,4,5,5,1,4,5,4,5,4,5,5,4,4
22,1,2,2,3,4,3,3,1,2,1,3,1,1,3,2,3,4,5,5,4,1,3,4,3,4,3,5,3,1,1
42,2,6,2,4,4,5,1,1,4,1,1,3,3,4,5,4,5,5,5,4,4,2,4,3,5,5,5,4,2,2
22,2,1,2,4,3,4,4,3,4,1,4,1,4,4,4,4,2,4,4,5,2,3,4,4,5,4,5,2,4,4
22,2,1,2,4,3,2,4,1,4,1,2,2,4,4,4,5,3,3,3,5,2,4,2,2,4,1,5,2,2,2
24,1,1,2,4,3,5,4,1,3,3,2,1,3,3,3,4,4,3,5,4,3,4,3,4,5,4,5,3,4,4
21,1,1,2,2,2,4,1,1,1,1,1,2,4,1,1,1,4,1,1,4,1,4,4,4,4,2,5,1,3,3
20,1,1,2,4,4,2,1,1,4,1,1,1,4,4,2,2,4,3,4,4,3,4,4,4,4,1,4,2,2,2
60,2,2,2,4,4,5,3,2,3,1,3,1,3,4,1,1,4,3,4,4,1,4,3,3,3,1,4,3,4,4
19,1,1,2,5,5,4,4,1,5,2,2,2,4,4,3,5,5,5,5,5,3,5,5,5,5,2,4,2,4,4
20,1,1,2,5,4,3,4,2,4,2,3,2,2,4,2,4,4,5,4,4,2,4,4,1,5,3,5,1,3,3
20,1,1,2,4,4,4,2,1,3,2,1,3,1,1,4,4,4,5,4,4,4,4,4,4,4,2,4,3,4,4
21,1,1,2,4,4,5,2,1,4,1,1,1,3,4,4,4,5,3,3,4,2,4,4,3,2,3,3,1,3,3
45,2,2,2,4,5,5,3,3,5,3,4,1,3,4,4,4,3,3,4,5,1,2,3,3,4,4,3,4,4,4
22,2,1,2,4,3,3,4,2,3,2,4,2,4,2,4,3,3,4,3,4,2,3,3,4,4,4,4,4,2,2
56,1,2,2,4,4,2,3,3,4,3,3,2,3,2,4,2,5,4,4,4,2,4,4,3,4,4,5,4,3,3
39,2,4,2,3,2,4,4,3,4,2,4,4,5,2,4,4,4,4,5,5,2,4,3,4,4,1,5,5,1,1
39,2,2,2,4,4,2,4,2,5,2,5,4,4,4,4,5,4,4,5,1,4,4,4,4,4,4,5,4,1,1
59,1,2,2,4,4,4,3,3,4,1,3,1,2,2,2,2,1,4,4,4,3,3,4,4,2,1,1,2,4,4
20,2,1,2,5,5,4,4,2,5,4,4,4,4,4,5,4,4,4,4,5,2,4,4,4,3,2,4,2,2,2
60,1,2,2,4,4,2,4,3,4,2,4,3,2,3,2,2,4,4,4,5,4,4,4,4,5,4,4,4,2,2
56,2,2,2,5,1,5,3,4,4,2,3,2,1,1,5,3,5,5,5,4,1,4,3,2,5,2,5,4,4,4
59,1,2,2,5,4,5,3,1,4,1,5,1,1,1,1,1,5,5,5,5,1,2,5,1,5,1,5,5,3,3
22,1,2,2,4,4,5,2,1,3,3,2,4,3,2,4,2,3,4,4,4,2,4,4,4,4,5,4,2,3,3
31,2,2,2,4,3,4,4,3,4,3,4,2,4,4,3,4,4,5,4,4,3,3,3,3,5,3,5,3,2,2
22,2,1,2,4,4,3,3,4,4,3,4,3,4,4,5,5,4,4,4,4,3,4,4,4,4,3,5,4,1,1
19,3,3,2,4,3,3,4,2,5,3,2,2,5,5,3,5,4,4,4,4,3,4,4,4,4,2,3,2,3,3
19,2,1,2,4,2,4,3,3,4,2,4,2,4,3,3,4,3,4,4,5,3,2,3,2,4,4,4,3,4,4
61,2,3,2,4,3,5,1,1,1,1,2,4,1,1,4,1,4,3,4,4,1,3,3,3,3,1,3,1,4,4
30,2,2,2,4,4,4,4,2,4,1,4,4,2,3,4,4,4,5,5,4,2,4,4,2,5,4,5,4,2,2
20,2,1,2,5,4,4,3,1,5,2,3,2,4,4,4,4,4,4,4,4,3,3,4,3,5,4,4,4,4,4
20,2,1,2,2,3,4,2,1,3,1,3,1,2,3,1,4,2,3,4,4,2,2,4,4,3,2,4,4,3,3
19,1,1,2,4,4,2,4,4,5,4,5,2,4,5,4,5,4,4,5,4,5,4,4,4,4,5,4,2,2,2
20,2,4,2,4,3,4,3,2,4,2,3,4,5,4,4,5,3,4,3,4,4,5,4,4,4,3,4,3,2,2
20,1,1,2,5,5,4,3,1,5,5,3,4,4,4,4,5,4,4,5,4,4,5,4,4,2,2,5,4,1,1
20,2,1,2,5,4,4,5,4,5,4,4,1,5,5,5,5,3,4,4,4,5,3,2,2,5,4,4,5,2,2
20,2,1,2,4,4,4,4,2,4,2,2,2,4,4,4,4,4,4,4,4,2,5,5,4,5,2,5,4,3,3
19,2,1,2,4,4,4,3,2,4,1,3,2,4,3,4,4,2,5,4,5,4,5,5,5,4,5,4,1,2,2
20,2,1,2,5,4,5,5,5,5,4,4,3,4,4,5,5,4,4,4,5,4,2,5,4,3,3,3,4,2,2
20,1,2,2,5,2,2,2,1,4,4,4,2,4,5,5,5,3,3,2,5,3,5,4,5,3,2,4,3,2,2
19,2,1,2,5,3,4,3,1,4,1,3,1,2,4,3,5,2,3,4,4,2,5,4,3,4,1,4,5,3,3
19,2,1,2,5,4,2,4,2,5,2,2,2,4,4,5,5,4,4,4,5,4,5,4,4,4,4,4,3,2,2
20,2,1,2,5,4,5,5,3,5,2,5,2,4,4,3,4,5,4,4,5,2,4,4,4,4,4,3,3,3,3
19,2,1,2,4,3,4,5,3,4,3,5,2,4,4,4,4,4,3,4,5,2,4,4,2,3,5,4,2,2,2
60,1,2,2,4,2,4,1,2,3,1,2,1,1,1,2,1,3,3,2,4,1,4,4,4,3,2,5,2,4,4
19,1,1,2,3,2,4,2,2,2,2,2,2,2,2,2,2,3,4,3,2,3,2,4,3,3,4,3,3,2,2
19,1,1,2,5,2,2,3,1,4,1,3,2,4,3,4,2,5,4,4,5,5,5,5,4,4,2,4,3,3,3
21,1,1,2,4,4,4,3,2,3,3,3,3,4,2,4,4,4,4,4,5,3,5,5,5,4,1,5,4,3,3
19,1,1,2,2,4,4,4,1,4,2,2,2,3,2,4,5,4,4,3,5,4,4,4,4,4,3,5,1,2,2
17,2,1,2,4,2,1,1,2,4,1,4,3,2,4,5,5,2,4,4,4,4,5,5,2,4,1,5,3,2,2
18,2,1,2,4,5,3,3,2,4,1,3,4,3,4,3,4,4,5,4,5,2,5,4,4,4,4,4,2,3,3
19,2,1,2,5,5,2,4,2,5,1,1,2,5,4,4,5,4,3,4,5,2,4,4,4,5,4,5,2,2,2
20,1,1,2,5,4,3,3,1,5,5,2,1,2,2,4,5,4,5,5,5,5,5,4,5,4,4,4,4,2,2
32,2,2,2,4,4,4,2,2,4,2,2,4,4,4,5,4,4,4,5,4,3,3,4,3,4,3,5,4,1,1
54,1,2,2,4,4,5,2,4,4,2,2,2,4,4,4,2,5,3,4,2,2,4,3,4,4,1,5,4,4,4
50,2,4,2,4,2,4,2,1,3,1,1,2,3,2,3,4,4,4,5,4,3,4,4,3,5,3,5,4,3,3
21,2,1,2,3,3,2,3,2,3,1,3,2,3,3,3,3,3,4,4,4,3,4,4,4,5,4,5,3,3,3
20,2,1,1,4,4,4,4,2,4,2,4,3,4,3,4,4,4,4,4,4,3,4,4,4,4,3,4,3,3,3
19,2,1,1,5,3,4,4,2,4,3,3,4,4,3,3,4,3,5,5,5,3,5,4,2,4,2,5,3,3,3
61,2,6,2,2,2,5,2,1,4,1,1,1,3,3,2,1,3,4,4,4,2,4,4,3,3,2,4,3,4,4
19,2,2,2,2,2,2,1,1,1,1,1,3,3,2,4,4,5,4,3,5,3,5,4,4,3,3,2,2,2,2
21,2,1,2,4,3,4,4,1,3,1,4,2,4,4,4,4,5,4,4,4,3,4,4,2,4,3,4,3,3,3
38,2,2,2,4,4,4,3,3,4,3,3,4,4,4,4,4,4,4,4,4,4,4,5,4,4,4,4,4,1,1
19,2,1,2,4,4,4,1,1,4,1,1,2,3,4,2,2,5,5,5,5,2,5,4,4,4,1,4,3,3,3
18,2,1,2,5,5,2,5,1,5,4,5,3,5,5,3,5,4,3,5,4,5,3,3,3,4,3,3,3,3,3
19,2,1,2,5,4,2,2,2,5,3,3,1,4,4,2,5,4,4,4,5,2,5,5,5,3,1,2,1,2,2
20,2,1,2,1,2,5,2,1,1,1,1,1,1,3,4,4,4,4,3,5,1,4,4,3,1,4,4,4,4,4
18,2,4,2,2,2,4,4,1,2,1,2,1,2,4,4,2,4,4,4,5,3,4,3,2,5,5,5,5,3,3
22,2,4,2,5,4,2,3,1,1,2,3,3,4,4,1,5,4,4,3,5,5,5,4,5,4,3,5,4,1,1
21,2,1,2,4,4,4,4,2,4,3,4,2,4,4,2,4,3,4,4,4,1,5,4,4,4,2,4,2,4,4
20,2,1,2,3,2,4,2,2,3,1,2,2,2,2,2,2,4,4,4,4,1,2,4,2,3,2,4,1,2,2
23,1,2,2,4,1,5,3,1,1,1,1,1,1,1,3,4,3,3,3,4,1,1,1,3,4,1,4,4,4,4
20,2,1,2,4,2,4,2,1,4,2,3,1,2,2,2,3,4,5,4,4,1,4,4,2,4,2,4,3,4,4
43,2,2,2,4,4,3,3,3,4,4,3,5,5,5,5,5,4,4,4,4,4,4,4,3,4,3,4,5,1,1
33,2,2,2,4,4,4,4,2,4,1,4,2,2,2,4,4,5,5,5,5,2,4,4,2,5,2,5,4,3,3
19,1,1,2,4,2,4,3,1,3,2,1,2,2,1,2,4,4,2,2,5,2,5,5,4,5,1,5,4,4,4
22,2,2,2,4,3,2,3,3,4,3,4,4,4,2,4,5,3,3,4,5,1,5,5,4,3,4,4,2,2,2
18,2,1,2,4,4,3,4,3,5,3,3,2,5,5,3,5,4,5,4,4,5,4,4,3,4,4,5,4,3,3
20,2,1,2,5,4,3,4,3,5,2,4,5,4,4,5,5,5,4,4,5,4,4,4,5,5,5,5,3,1,1
20,2,1,2,4,4,4,2,2,4,1,2,2,4,2,4,4,4,4,4,5,3,4,4,4,5,4,4,5,3,3
21,2,1,2,5,4,4,3,2,5,3,3,3,3,5,5,5,5,4,4,5,3,4,5,5,4,4,5,3,3,3
49,2,2,2,4,4,4,1,1,3,2,1,1,2,2,3,3,4,4,4,4,2,4,4,3,4,4,4,4,3,3
20,2,2,2,3,3,3,4,4,4,1,4,3,5,3,5,4,4,4,5,4,2,4,3,4,4,3,5,4,2,2
75,2,6,2,4,4,5,3,1,4,1,3,1,2,1,1,2,5,5,4,4,3,3,4,3,5,2,4,3,4,4
19,2,1,2,4,5,4,2,2,5,5,4,4,3,4,3,4,5,4,4,5,4,5,4,4,5,5,5,5,3,3
19,2,1,2,5,3,4,4,2,4,2,2,2,3,4,3,4,4,4,4,5,2,4,4,4,3,3,5,2,3,3
21,2,2,2,4,3,4,4,2,3,2,4,4,4,4,4,4,4,4,4,4,4,4,4,4,3,4,4,2,1,1
91,2,1,2,5,4,4,3,2,5,3,4,5,5,5,5,5,4,4,4,5,5,5,5,5,2,2,4,4,1,1
21,1,1,2,5,4,4,4,1,5,2,4,1,3,2,2,4,4,4,4,4,5,5,5,4,4,4,5,5,3,3
32,2,2,2,5,4,4,2,1,3,2,2,3,4,4,4,4,4,4,5,4,4,2,4,4,4,2,5,1,2,2
20,1,1,2,5,4,5,3,2,5,1,3,1,4,5,4,5,3,4,4,4,2,4,2,2,4,3,5,5,4,4
19,1,1,2,5,4,4,3,2,5,4,4,2,3,4,4,4,3,4,5,5,2,5,5,5,5,4,5,4,2,2
19,1,5,2,4,4,4,2,2,3,4,2,4,3,3,5,3,4,4,4,5,2,5,4,5,4,4,5,5,1,1
19,2,1,2,5,5,2,4,4,5,2,4,1,4,4,2,4,4,4,4,5,2,5,4,4,4,2,5,2,2,2
20,2,1,1,4,2,4,4,3,3,4,3,3,3,2,4,3,2,2,4,3,5,2,2,3,4,2,2,4,3,3
19,2,1,2,4,2,3,2,3,2,2,2,2,2,2,4,2,2,2,3,3,2,2,3,2,2,2,2,2,3,3
24,4,3,2,5,3,3,4,1,1,1,1,1,1,1,2,4,4,5,5,5,1,4,4,4,5,4,5,5,2,2
50,2,4,2,4,4,4,3,3,3,3,1,1,3,3,2,4,5,3,5,4,1,5,4,4,5,3,5,3,2,2
21,1,1,2,3,4,4,3,3,4,3,3,3,1,4,4,3,3,3,5,4,4,4,4,4,5,5,3,3,2,2
53,1,2,2,4,2,4,3,3,5,3,3,2,2,4,2,4,5,4,4,5,1,5,5,4,4,4,5,3,3,3
52,2,2,2,4,3,3,2,2,4,3,2,4,3,3,3,3,4,4,4,4,3,4,4,4,4,4,4,4,1,1
43,2,4,2,4,4,4,4,1,4,3,4,2,3,2,3,2,4,4,4,4,3,5,4,5,5,3,4,4,3,3
19,2,2,2,4,4,2,4,2,4,4,2,1,4,2,1,4,4,4,4,5,2,4,4,4,4,2,2,2,1,1
20,1,1,2,5,4,5,3,1,4,1,3,1,1,2,2,4,3,4,4,4,2,4,4,3,4,2,5,2,3,3
20,1,1,2,4,2,3,1,1,2,3,2,3,4,2,4,2,2,3,4,4,3,2,2,4,2,4,4,2,1,1
20,2,1,2,4,3,2,3,2,4,4,3,4,4,4,4,4,4,4,4,4,3,5,4,4,4,4,4,1,1,1
20,2,1,2,4,2,5,4,2,4,2,4,1,4,5,4,4,4,4,4,5,2,4,4,4,5,2,5,4,4,4
21,1,1,2,5,5,5,3,3,4,3,4,4,5,5,5,1,5,4,5,5,5,5,5,5,5,2,5,3,3,3
18,2,1,1,3,4,4,3,3,3,1,3,3,1,5,1,3,3,5,3,5,3,3,3,3,4,1,3,4,4,4
19,2,1,2,4,3,5,4,2,4,3,4,1,1,1,2,2,4,4,3,4,3,4,4,2,4,2,4,1,3,3
27,4,1,2,3,2,4,3,3,3,1,1,2,2,2,3,3,3,2,4,5,1,4,4,4,4,4,5,4,2,2
20,2,1,2,5,4,4,2,1,4,1,2,2,4,5,4,5,3,4,4,5,3,5,5,5,4,5,3,2,2,2
22,2,2,2,5,1,5,3,1,3,1,1,3,3,1,3,5,4,5,3,4,2,4,4,4,5,4,3,3,4,4
20,1,1,2,5,4,2,3,1,4,2,2,2,2,2,2,3,3,5,5,5,3,4,4,4,4,3,5,4,3,3
19,2,1,2,4,5,3,1,1,4,2,2,5,4,5,1,4,5,4,5,3,4,4,3,3,5,4,5,5,2,2
19,1,1,2,3,2,4,4,1,4,1,4,1,1,3,2,2,4,4,2,4,2,2,4,2,4,1,5,2,3,3
21,1,1,2,4,4,3,4,2,4,3,3,4,2,3,4,3,4,3,4,5,1,4,4,4,5,2,4,5,2,2
25,1,2,2,2,3,4,2,1,4,2,3,2,2,2,2,2,3,4,3,4,2,4,4,4,4,2,4,3,3,3
55,2,2,2,4,2,4,2,1,3,2,1,2,1,2,2,2,3,4,4,4,2,3,2,1,3,1,4,2,3,3
21,1,1,2,4,4,5,4,2,5,3,3,2,4,4,3,4,5,4,4,5,3,4,3,4,5,4,5,5,3,3
20,2,2,2,4,3,3,2,1,2,1,3,2,2,4,2,3,3,3,3,5,4,4,5,4,4,4,5,3,4,4
50,2,2,2,3,2,5,2,1,2,3,2,2,1,1,4,4,3,4,4,4,3,4,4,4,4,4,4,2,3,3
19,1,2,2,4,3,4,3,3,3,3,3,3,4,3,4,4,4,2,4,4,2,4,4,2,5,2,4,3,3,3
20,1,1,2,4,4,4,4,2,5,4,4,4,4,4,4,4,4,4,4,4,4,4,4,4,4,4,4,4,2,2
19,2,1,2,5,4,1,4,3,3,1,4,1,5,4,4,4,5,4,5,5,5,5,5,4,4,4,3,3,1,1
20,2,4,2,4,4,4,4,2,4,2,3,4,4,4,5,4,3,4,4,4,4,4,4,4,4,2,3,4,3,3
19,1,1,2,5,4,4,4,3,4,2,4,5,4,5,5,4,4,4,4,5,2,5,5,5,5,2,5,5,1,1
21,2,3,2,5,4,4,4,2,5,3,4,2,5,5,4,5,4,3,4,5,4,5,5,5,4,4,5,5,3,3
25,1,5,2,5,4,4,3,1,3,2,4,2,2,4,3,2,5,5,4,4,2,2,4,2,5,4,5,4,2,2
20,2,1,2,5,4,4,3,3,4,1,3,1,4,5,2,5,5,1,4,4,3,3,3,3,4,3,4,4,3,3
22,2,2,2,4,4,5,3,1,4,4,2,2,4,4,4,4,3,3,5,5,2,4,5,4,3,2,4,5,4,4
22,1,4,2,5,2,1,2,1,1,1,2,1,1,2,1,1,5,5,5,5,1,5,2,5,4,4,2,2,3,3
18,2,1,2,4,2,4,3,1,2,1,2,1,1,2,4,2,4,5,5,5,4,5,5,5,4,3,2,1,4,4
20,2,1,2,5,1,4,2,1,5,1,4,1,2,5,2,1,4,5,5,5,5,5,5,5,3,1,4,1,5,5
20,2,1,2,3,4,4,2,1,3,1,2,4,4,4,2,5,4,4,5,5,5,5,5,5,4,2,4,3,3,3
63,2,6,2,4,4,4,3,3,3,3,4,3,2,3,2,3,4,4,4,4,2,4,4,4,5,3,4,4,3,3
53,1,2,2,4,2,4,2,1,4,2,3,2,2,2,2,2,4,4,4,4,4,2,3,3,4,2,4,3,3,3
48,2,2,2,4,4,4,2,2,5,3,3,2,3,3,3,4,5,4,5,3,3,4,4,4,5,4,4,4,1,1
19,2,1,1,4,4,3,4,2,3,1,3,1,4,1,1,4,4,3,3,4,3,4,4,4,4,3,3,2,2,2
20,1,2,2,4,1,4,1,1,4,1,3,1,3,5,4,4,3,4,4,5,1,4,3,4,3,1,5,5,4,4
22,2,1,2,3,5,5,3,1,3,1,3,3,2,4,2,3,5,5,5,4,3,4,4,4,5,4,3,1,4,4
19,1,1,2,4,3,5,4,2,4,1,5,2,3,2,3,4,4,5,4,5,2,5,5,4,5,4,4,2,3,3
50,2,2,2,4,4,3,3,2,4,3,3,4,3,3,4,3,2,4,4,4,3,3,4,4,3,2,3,2,1,1
53,1,2,2,5,4,4,3,1,4,2,2,4,1,3,1,4,5,4,5,5,1,4,4,4,5,3,5,2,3,3
45,2,2,2,4,3,5,3,3,4,3,2,2,3,2,2,2,4,4,4,4,3,4,4,3,4,3,4,4,4,4
58,2,2,2,5,5,4,5,4,5,3,4,1,4,4,4,4,3,5,4,5,4,4,4,4,3,3,4,3,1,1
60,2,2,2,5,4,5,3,3,5,3,3,4,4,5,3,5,4,4,5,3,3,3,3,3,5,4,4,5,3,3
19,3,1,2,5,4,4,4,2,5,1,2,3,5,4,5,3,3,3,3,5,4,5,5,5,5,3,5,5,3,3
28,2,2,2,4,4,2,2,3,4,3,3,2,4,4,4,4,4,4,4,4,4,4,4,3,4,4,4,4,1,1
29,1,2,2,4,4,5,1,1,4,4,1,3,4,2,3,4,5,5,5,4,2,2,2,2,4,4,5,2,4,4
19,1,1,1,5,5,4,4,2,5,3,3,2,4,3,4,2,3,5,4,4,1,2,4,4,4,3,5,3,3,3
20,2,1,2,3,2,4,3,2,3,2,3,2,3,3,3,4,3,3,4,3,3,4,3,3,4,3,3,2,2,2
22,2,1,2,4,2,5,2,2,2,1,2,5,2,5,5,3,4,1,2,4,1,4,4,3,5,3,5,3,4,4
19,1,2,2,4,4,4,3,3,4,3,3,3,4,4,4,4,4,4,4,4,3,4,4,3,4,3,4,3,1,1
21,2,1,2,4,3,3,2,2,4,2,2,2,3,4,4,5,5,4,5,4,3,4,4,3,4,4,4,4,2,2
20,2,1,2,4,4,5,4,3,5,3,4,3,5,4,4,5,5,5,4,5,4,5,5,4,5,3,5,5,3,3
20,2,1,2,4,3,4,4,3,4,2,4,2,4,4,4,4,4,4,4,4,4,5,4,4,4,4,5,3,2,2
58,1,2,2,4,4,5,2,1,4,3,2,3,2,2,3,3,4,4,4,4,2,4,4,4,4,4,4,2,2,2
54,2,2,2,3,4,3,3,3,4,3,3,3,2,4,4,4,5,4,4,3,2,3,3,3,4,4,4,4,2,2
19,2,1,2,4,4,3,4,1,5,3,4,2,4,3,1,4,4,5,5,5,2,4,5,2,5,1,4,4,3,3
19,2,1,2,5,5,5,3,2,5,2,4,1,4,4,3,4,3,4,4,5,5,5,4,5,5,4,5,3,4,4
19,2,1,2,4,1,1,1,1,3,1,3,2,2,2,2,3,5,4,2,5,3,4,4,3,4,3,5,3,4,4
19,1,1,2,4,2,4,4,1,4,1,2,2,1,4,3,2,5,4,4,4,2,4,4,2,4,2,5,4,4,4
20,2,1,2,4,4,4,4,2,5,2,4,2,3,5,4,5,4,3,4,4,3,4,4,2,4,4,5,2,2,2
19,1,1,2,5,4,4,4,3,4,4,4,1,4,4,4,4,4,3,4,4,4,4,5,4,4,1,4,4,3,3
22,2,1,2,4,4,3,4,4,5,2,4,2,2,3,4,4,2,4,4,4,2,4,4,4,2,2,5,3,3,3
