"","age","gender","occupation","qqm","dsse_1","dsse_2","dsse_3","dsse_4","dsse_5","dsse_6","dsse_7","dsse_8","dsse_9","dsse_10","dsse_11","dsse_12","dsse_13","dsse_14","dsse_15","dsse_16","dsse_17","dsse_18","dsse_19","dsse_20","dsse_21","dsse_22","dsse_23","dsse_24","dsse_25","sise","open"
"1",54,"1","2","2",4,3,5,3,3,3,2,3,2,1,3,3,3,4,4,5,5,3,3,4,3,2,1,4,2,4,4
"2",19,"1","1","2",4,3,3,4,2,4,3,2,3,3,4,3,3,4,4,5,5,2,5,4,4,2,2,3,2,2,2
"3",59,"2","2","2",4,4,2,3,2,4,3,4,3,4,3,5,4,4,4,4,4,4,4,4,4,4,4,3,4,1,1
"4",22,"1","2","2",4,4,4,2,1,4,2,2,2,3,3,5,4,4,2,4,4,2,3,4,2,5,3,5,5,3,3
"5",20,"1","1","2",4,5,2,3,3,4,3,2,5,5,5,5,5,5,5,5,4,5,5,5,5,4,3,4,4,1,1
"6",39,"2","2","2",4,4,4,3,2,4,2,2,4,3,3,3,4,4,4,4,4,2,4,4,4,5,4,4,4,2,2
"7",20,"2","1","2",4,4,2,2,2,2,3,3,4,4,3,5,5,4,4,4,4,4,4,4,4,4,3,4,5,1,1
"8",19,"2","1","2",4,3,4,3,1,3,1,2,2,1,2,4,2,3,4,3,5,2,4,4,4,4,4,5,4,4,4
"9",19,"2","1","2",5,4,3,5,2,4,2,4,2,4,5,4,5,4,5,4,5,4,4,5,4,4,2,5,3,2,2
"10",49,"2","2","2",4,4,4,2,1,4,2,3,1,2,4,3,4,4,4,4,5,2,4,4,4,4,4,4,3,3,3
"11",49,"2","2","2",4,4,4,2,2,4,1,2,1,2,4,2,2,4,4,4,5,2,4,4,4,4,4,4,2,3,3
"12",26,"1","2","2",4,3,4,2,4,3,1,2,1,3,2,2,2,2,4,5,5,3,5,4,4,4,1,3,2,4,4
"13",20,"2","1","2",4,4,3,4,2,4,4,4,2,4,4,4,5,4,4,4,4,4,4,4,4,4,4,4,4,3,3
"14",19,"2","5","2",5,4,3,4,2,5,1,2,1,5,4,4,5,5,3,2,4,4,5,4,4,5,5,5,5,2,2
"15",20,"2","1","2",4,4,3,4,3,4,4,4,2,4,4,4,4,4,4,4,4,3,4,4,4,4,2,4,2,3,3
"16",22,"2","1","2",4,4,3,4,3,5,2,3,4,2,3,2,3,5,3,4,4,3,4,4,4,3,1,4,2,2,2
"17",19,"2","1","2",2,3,3,1,1,2,1,1,2,2,3,4,4,5,4,3,5,3,4,3,2,5,4,5,3,3,3
"18",20,"2","1","2",4,2,3,2,2,4,2,4,4,4,3,4,4,4,4,4,4,4,4,4,3,3,2,4,3,1,1
"19",21,"2","1","2",4,4,5,4,4,4,1,4,2,4,2,4,4,4,4,3,5,4,4,4,4,4,2,3,2,3,3
"20",19,"1","1","2",4,2,4,3,1,4,1,3,1,1,2,4,1,5,5,5,5,3,3,5,1,4,3,5,1,4,4
"21",20,"2","1","2",4,4,4,4,1,4,1,3,1,2,2,2,2,4,4,4,4,2,4,4,2,4,2,4,2,4,4
"22",20,"2","1","2",4,2,4,4,1,4,1,3,2,3,2,4,4,4,5,5,4,2,4,4,4,4,2,4,4,3,3
"23",19,"2","1","2",4,4,4,3,2,4,3,2,2,2,3,3,4,3,5,5,4,3,2,4,2,4,4,5,5,2,2
"24",22,"1","1","2",4,3,4,4,2,4,2,4,1,3,4,4,4,4,4,4,4,2,4,5,4,4,2,5,2,4,4
"25",19,"2","1","2",3,2,5,3,2,3,2,3,5,4,5,4,5,4,4,4,4,3,5,4,4,4,4,4,3,2,2
"26",20,"2","1","2",4,4,4,4,4,4,4,4,4,4,4,4,4,4,4,4,4,2,4,4,5,4,4,4,4,2,2
"27",20,"2","1","2",5,4,4,4,4,5,1,4,1,2,4,4,4,5,5,5,5,1,4,4,4,5,1,5,1,3,3
"28",54,"2","4","2",4,4,4,4,3,4,3,3,3,2,4,4,3,4,4,5,5,3,3,5,4,3,4,4,3,3,3
"29",50,"2","2","2",4,2,4,3,2,4,2,3,2,2,4,4,3,4,4,4,5,2,3,4,3,4,2,5,4,3,3
"30",47,"2","2","2",4,4,1,3,3,1,4,3,4,2,3,4,4,4,4,5,1,3,3,4,4,5,4,1,5,4,4
"31",48,"1","2","2",5,4,5,1,1,4,1,1,1,1,2,1,1,5,5,5,5,1,1,3,1,4,2,5,3,5,5
"32",52,"2","2","2",5,4,4,1,1,3,3,1,2,2,3,1,3,4,3,4,5,3,4,5,4,5,3,5,4,4,4
"33",20,"1","1","2",5,4,4,1,1,4,2,2,4,4,2,5,4,4,3,4,4,1,5,5,4,4,1,4,2,2,2
"34",24,"1","2","2",4,4,4,1,1,4,4,2,3,3,4,3,4,3,3,5,3,2,4,5,4,4,4,2,3,1,1
"35",24,"1","1","2",4,2,4,2,1,4,2,3,1,3,4,2,2,4,3,3,4,2,4,4,2,5,2,5,2,4,4
"36",60,"2","2","2",4,1,5,3,3,4,3,3,1,1,2,3,2,3,3,4,4,1,3,3,3,3,1,3,1,5,5
"37",50,"1","2","2",5,4,3,4,3,4,3,3,2,4,4,4,4,4,4,4,4,3,4,4,4,4,4,4,3,2,2
"38",23,"2","1","2",4,3,4,3,3,4,3,4,1,3,2,3,2,5,5,4,4,3,4,4,4,5,2,4,2,1,1
"39",21,"2","1","2",5,4,3,4,3,4,1,4,1,3,4,4,5,4,4,5,5,4,4,4,4,4,3,4,4,4,4
"40",20,"1","1","2",4,3,4,4,2,4,1,2,1,2,2,1,4,5,4,5,4,2,4,5,4,4,4,4,1,2,2
"41",21,"2","1","2",4,4,4,4,1,5,2,3,2,2,4,2,4,4,3,3,4,2,4,2,3,5,2,5,3,3,3
"42",24,"2","1","2",3,3,4,3,1,4,1,3,2,2,2,3,4,5,4,5,5,2,4,4,4,4,2,5,3,3,3
"43",21,"1","1","2",4,3,4,4,1,4,3,3,1,4,4,3,3,5,3,3,4,3,5,4,4,4,2,5,2,3,3
"44",28,"2","2","2",5,4,4,4,4,5,4,4,5,4,4,2,4,5,4,4,4,5,4,3,3,5,4,4,4,1,1
"45",24,"1","1","2",4,4,4,4,4,4,2,4,5,5,2,5,4,5,3,2,4,4,5,5,5,4,2,5,4,1,1
"46",22,"2","1","2",4,4,4,3,3,4,3,3,1,2,3,1,3,3,4,4,5,3,5,4,5,4,4,4,3,3,3
"47",22,"2","1","2",5,4,4,4,2,5,3,4,2,4,2,3,2,4,4,5,5,4,5,4,5,4,3,5,4,3,3
"48",20,"2","4","2",4,5,2,4,2,4,4,3,5,2,4,2,4,3,4,5,4,4,4,2,4,4,4,3,4,2,2
"49",42,"2","2","2",4,4,4,4,3,4,1,3,4,4,3,5,3,4,3,4,5,4,4,5,5,4,5,4,3,1,1
"50",22,"2","1","2",2,2,4,2,1,2,2,2,3,4,3,2,4,3,4,3,4,3,4,4,4,3,2,4,4,2,2
"51",20,"2","1","2",4,3,4,4,2,5,1,3,3,2,3,4,5,4,4,5,5,3,4,4,4,5,3,4,4,3,3
"52",20,"2","1","2",4,4,4,2,1,4,1,1,3,3,3,3,4,4,4,5,4,2,4,4,4,4,4,5,4,4,4
"53",20,"1","4","2",4,3,4,1,1,4,1,1,1,2,2,4,4,2,4,3,4,2,5,5,4,5,5,5,5,2,2
"54",26,"2","4","2",5,5,5,5,2,5,2,5,2,5,5,5,5,5,2,5,5,4,5,5,5,5,5,4,4,2,2
"55",19,"1","1","2",5,4,4,3,1,5,4,4,1,5,2,1,2,4,5,4,5,2,5,4,5,4,4,5,3,3,3
"56",22,"2","1","2",5,3,4,4,4,4,2,4,4,3,3,4,5,3,3,4,5,3,5,4,4,4,5,4,5,3,3
"57",21,"1","1","2",4,2,4,2,1,4,3,2,3,5,4,5,4,4,4,4,4,3,4,3,3,4,4,4,4,2,2
"58",53,"2","4","2",4,4,4,2,1,4,3,1,2,3,2,4,4,3,4,4,5,3,4,4,4,4,3,4,4,2,2
"59",20,"1","1","2",3,2,4,4,1,4,3,3,1,2,1,3,2,3,4,4,5,1,4,4,2,4,2,5,2,3,3
"60",21,"2","1","2",4,4,3,3,2,4,2,2,2,4,4,3,4,3,4,4,4,3,5,5,4,4,3,4,4,1,1
"61",52,"1","2","2",4,4,2,3,3,4,3,3,2,4,2,2,4,4,4,4,3,3,4,4,3,4,4,4,3,2,2
"62",21,"1","1","2",4,4,4,1,1,4,3,2,3,2,4,4,3,4,4,4,4,2,5,4,5,4,2,3,1,4,4
"63",21,"2","1","2",4,3,4,4,4,3,2,3,3,5,4,4,5,5,4,3,5,3,5,4,3,3,4,4,2,3,3
"64",22,"1","2","2",3,1,5,1,1,2,3,1,1,1,1,3,2,3,2,2,5,2,4,5,3,4,3,5,4,3,3
"65",47,"2","2","2",4,3,3,3,1,3,3,3,3,1,2,4,2,4,4,4,4,2,4,2,3,5,4,4,4,4,4
"66",25,"1","3","2",3,2,4,1,1,3,1,2,2,1,2,2,2,3,3,4,4,1,2,2,2,4,2,4,4,4,4
"67",20,"2","1","2",5,2,4,4,4,4,3,4,2,4,4,3,4,4,5,4,5,3,4,5,4,4,4,5,3,2,2
"68",74,"2","6","2",3,4,4,4,3,4,2,4,4,2,4,2,4,4,4,4,4,2,4,4,4,4,4,4,4,2,2
"69",22,"1","1","1",2,2,4,2,1,4,4,2,1,4,2,4,4,4,3,3,5,1,4,5,4,2,1,3,2,4,4
"70",20,"2","4","2",4,3,4,4,1,4,3,3,4,4,4,4,4,4,5,4,5,4,5,5,5,5,3,5,4,3,3
"71",20,"1","1","2",4,4,4,4,2,5,2,3,1,3,4,2,4,4,4,4,5,3,4,4,3,4,4,3,2,3,3
"72",82,"1","6","2",4,3,5,1,3,4,2,3,2,4,1,1,1,4,4,4,4,3,1,5,4,4,1,4,4,4,4
"73",66,"2","4","2",3,4,4,2,1,2,1,2,1,1,4,3,3,3,4,4,3,1,2,3,1,4,3,4,4,3,3
"74",20,"1","1","2",4,4,5,3,1,5,3,3,1,3,3,3,4,4,5,5,5,3,5,4,4,5,4,5,5,4,4
"75",54,"2","4","2",4,3,5,4,2,4,4,4,4,2,4,2,4,3,3,4,4,1,4,4,3,5,3,5,4,3,3
"76",51,"2","2","2",4,4,4,3,3,4,3,3,2,3,2,4,2,4,4,4,4,3,4,4,4,3,3,4,2,2,2
"77",21,"2","1","1",5,4,4,4,2,5,2,4,2,4,4,4,4,4,4,4,4,4,4,5,4,4,5,5,4,2,2
"78",72,"2","6","2",1,1,4,2,2,2,1,2,1,1,2,2,1,1,4,4,5,1,2,2,2,4,1,4,2,3,3
"79",20,"2","1","2",5,5,2,5,1,5,4,4,2,5,5,4,4,4,4,4,5,5,5,5,5,5,3,4,4,2,2
"80",20,"2","1","2",5,4,1,3,2,5,1,4,1,1,2,5,4,4,4,5,5,3,5,5,5,3,3,4,4,2,2
"81",19,"2","4","2",5,2,4,4,2,4,2,2,2,4,4,5,5,4,4,4,5,4,5,5,4,4,4,5,3,2,2
"82",19,"2","1","2",4,3,4,2,1,4,1,2,2,3,2,2,4,5,3,4,5,4,5,4,4,5,4,5,3,3,3
"83",35,"2","2","2",2,3,4,3,2,2,3,3,2,2,2,4,2,4,4,4,3,3,2,4,2,4,4,4,3,3,3
"84",65,"2","6","2",2,4,4,1,1,2,1,1,2,1,1,1,2,4,4,4,3,2,3,3,1,5,4,5,2,3,3
"85",27,"2","2","2",2,2,4,2,1,3,2,2,2,3,3,3,4,3,4,3,4,2,2,4,2,5,4,5,5,3,3
"86",40,"2","2","2",4,4,4,3,3,4,2,3,4,4,4,4,4,4,4,4,4,2,4,4,4,4,4,4,4,1,1
"87",34,"2","3","2",4,5,5,4,1,2,3,2,1,2,4,1,4,5,1,5,4,1,3,4,3,5,4,5,3,3,3
"88",47,"2","2","2",4,3,5,4,4,4,4,4,3,4,3,3,4,4,4,5,5,3,4,4,4,5,4,5,4,2,2
"89",45,"2","4","2",3,4,3,3,2,2,2,3,2,2,2,2,2,2,4,4,4,2,2,2,3,4,4,4,2,1,1
"90",54,"2","2","2",4,1,4,3,1,3,1,3,1,1,1,1,1,3,4,4,4,1,2,4,1,2,1,4,2,3,3
"91",49,"2","2","2",5,4,4,4,3,4,2,4,5,4,4,4,4,5,5,5,5,2,4,4,3,5,4,5,4,3,3
"92",51,"1","2","2",5,3,4,4,3,4,4,3,3,4,4,4,4,4,4,4,4,3,4,4,3,4,4,4,4,3,3
"93",25,"2","2","2",4,4,4,4,2,4,4,4,2,4,4,4,5,4,4,5,4,2,4,3,3,3,4,2,3,4,4
"94",23,"2","1","2",5,5,5,3,1,5,1,2,2,4,4,5,5,1,3,5,5,2,5,5,3,5,4,5,3,3,3
"95",20,"2","2","2",4,2,5,3,3,4,2,3,1,3,4,4,4,2,4,4,4,2,3,3,3,4,3,5,3,3,3
"96",23,"2","4","2",5,4,4,4,4,5,4,5,3,4,4,4,5,4,4,4,4,5,4,4,3,4,4,4,4,1,1
"97",58,"2","3","2",4,4,3,3,3,4,2,3,4,3,4,4,3,5,4,4,4,4,3,4,3,5,4,4,5,2,2
"98",24,"1","2","2",5,5,2,3,1,4,2,3,1,2,4,3,4,5,1,2,5,2,5,4,4,5,4,4,3,3,3
"99",53,"2","2","2",3,5,5,4,2,4,2,4,2,3,2,2,4,4,4,4,4,2,2,4,2,4,2,4,2,3,3
"100",21,"1","2","2",5,5,2,4,4,5,5,4,3,5,4,5,5,4,4,5,4,1,2,5,2,4,4,3,4,4,4
"101",53,"2","2","2",4,4,4,2,3,4,2,3,2,2,2,2,2,4,4,4,3,2,3,4,2,4,3,4,4,3,3
"102",22,"1","1","2",5,5,4,2,1,2,1,2,1,4,2,5,2,4,2,5,5,4,5,5,4,2,2,2,1,4,4
"103",20,"2","1","2",5,5,5,4,3,5,5,4,4,5,3,5,5,3,5,5,4,4,4,4,4,4,4,4,5,2,2
"104",27,"2","2","2",4,4,4,4,3,4,3,4,4,4,3,4,4,4,4,5,4,4,5,5,4,5,4,5,5,3,3
"105",46,"1","2","2",5,4,4,3,3,4,3,2,2,4,3,4,3,3,3,4,5,2,4,4,4,4,2,5,4,4,4
"106",27,"2","2","2",5,5,4,3,3,5,2,4,5,4,4,4,5,4,4,4,5,2,5,5,4,5,3,5,5,3,3
"107",29,"2","2","2",2,1,4,4,2,1,2,4,2,1,2,2,2,2,4,4,4,2,1,4,2,5,2,5,1,2,2
"108",25,"1","2","2",4,1,3,2,1,4,2,3,2,1,4,2,2,2,3,3,4,1,5,5,5,4,1,5,2,5,5
"109",19,"2","2","2",4,4,2,3,3,4,2,3,5,4,4,4,4,4,5,5,5,5,5,5,4,3,4,4,4,1,1
"110",20,"1","1","2",4,4,4,4,2,4,4,4,2,2,3,4,4,3,4,4,5,3,4,5,4,3,2,4,3,3,3
"111",19,"2","1","2",4,4,1,4,1,5,3,2,3,5,5,5,5,4,2,4,5,5,5,5,4,3,5,3,4,1,1
"112",20,"1","1","2",4,4,4,4,2,4,2,2,2,4,3,2,2,3,4,4,4,4,4,4,4,4,2,5,3,3,3
"113",20,"2","1","2",3,3,3,1,1,4,1,1,1,4,2,1,4,5,5,5,5,1,5,4,4,4,4,5,4,1,1
"114",21,"2","1","2",4,4,4,2,1,4,2,2,4,4,5,5,4,4,4,4,4,4,5,5,5,4,2,3,2,1,1
"115",32,"1","2","2",3,4,3,4,3,4,3,4,2,4,4,3,4,3,3,4,4,2,2,5,4,5,4,5,4,3,3
"116",21,"1","2","2",4,4,5,3,1,4,2,4,1,1,1,1,4,5,3,4,4,3,1,1,2,5,1,5,4,5,5
"117",21,"2","1","2",4,2,4,1,1,4,1,1,1,1,4,4,2,5,4,4,4,3,1,4,2,5,1,5,4,3,3
"118",48,"2","4","2",4,4,2,3,1,4,3,3,3,4,3,3,3,4,4,5,4,2,4,4,4,3,2,4,4,1,1
"119",20,"1","1","2",5,4,4,4,4,5,2,3,1,4,4,3,4,3,4,4,4,4,4,4,3,4,3,5,4,2,2
"120",19,"2","1","2",5,2,4,3,4,4,4,4,4,2,4,2,4,2,3,4,5,4,5,4,4,2,2,2,4,2,2
"121",18,"2","1","2",4,3,4,2,2,4,3,2,2,3,2,3,3,3,4,4,4,2,4,3,3,4,3,4,2,2,2
"122",55,"2","2","2",4,5,5,4,4,5,3,3,4,2,5,4,5,4,4,5,5,2,5,5,5,5,2,5,5,2,2
"123",50,"2","2","2",4,4,4,4,2,4,3,4,2,3,2,2,4,4,4,4,4,2,4,4,4,4,3,4,2,3,3
"124",49,"1","2","2",4,4,3,1,1,4,3,2,3,2,2,3,3,4,4,4,4,3,4,4,4,4,2,5,4,3,3
"125",20,"1","1","2",5,4,2,3,1,5,2,1,2,3,3,4,4,4,5,5,5,4,5,4,3,4,4,5,3,1,1
"126",42,"2","2","2",4,4,2,4,2,4,3,4,1,4,2,4,4,4,4,4,4,4,3,4,4,3,3,4,3,1,1
"127",53,"2","4","2",4,2,4,3,2,4,2,3,2,2,2,2,2,4,4,4,4,2,3,4,3,4,2,5,4,4,4
"128",22,"2","1","2",3,3,2,1,1,4,2,1,5,5,5,5,5,4,5,5,3,5,4,3,4,4,3,5,4,1,1
"129",18,"2","1","2",4,5,3,4,2,1,2,4,2,4,5,3,5,4,4,4,4,2,3,3,2,4,4,4,3,3,3
"130",21,"1","1","2",5,3,3,2,1,4,3,1,3,2,3,2,4,3,4,4,4,4,4,4,5,5,4,4,3,2,2
"131",21,"2","1","2",4,5,4,4,3,5,2,4,2,5,4,5,5,4,4,4,4,2,5,5,4,4,4,4,1,2,2
"132",19,"2","2","2",5,2,4,4,4,5,3,4,3,4,2,4,5,3,3,4,5,2,4,4,2,4,2,3,2,3,3
"133",21,"1","1","2",5,5,3,3,3,5,4,3,3,4,4,4,5,4,2,4,4,3,4,4,3,4,3,4,2,1,1
"134",20,"2","1",NA,5,4,4,4,2,5,2,4,1,4,5,4,5,2,3,4,5,4,5,5,5,5,2,5,5,4,4
"135",23,"1","2","2",4,4,5,3,2,4,2,3,2,2,4,1,4,3,4,4,5,2,4,4,4,5,5,5,2,3,3
"136",25,"1","2","2",2,2,5,2,1,1,1,1,1,1,2,4,3,3,4,4,3,2,1,4,1,4,1,4,2,3,3
"137",50,"1","2","2",4,4,4,4,3,5,3,2,2,2,2,2,3,5,4,5,3,3,3,4,3,5,4,4,4,3,3
"138",41,"2","3","2",5,5,3,4,3,5,4,4,5,5,5,4,5,5,5,5,5,4,5,5,5,5,5,4,5,1,1
"139",32,"2","4","2",4,4,2,3,2,4,2,3,4,3,2,2,3,4,3,4,5,2,5,4,4,4,3,4,3,2,2
"140",19,"3","1","2",5,4,4,5,1,4,3,3,2,4,4,2,4,4,4,4,5,3,5,5,5,5,4,4,4,3,3
"141",19,"1","1","2",5,3,4,3,1,5,3,1,1,4,4,4,4,4,3,4,5,2,4,4,5,4,4,5,4,4,4
"142",53,"1","2","2",4,4,5,3,2,4,2,3,1,2,3,4,3,4,3,4,4,1,4,4,4,4,2,4,2,4,4
"143",21,"2","1","2",4,4,4,4,2,4,3,4,1,4,4,4,5,4,4,4,4,3,4,4,2,3,2,4,3,3,3
"144",21,"1","1","2",4,1,4,3,1,4,1,1,1,2,1,1,3,5,5,5,4,1,4,4,2,4,1,4,4,3,3
"145",20,"2","1","2",4,2,5,4,2,4,2,3,2,2,2,2,4,4,4,4,4,3,3,4,2,4,5,5,5,3,3
"146",19,"2","1","2",4,5,1,4,2,2,4,4,2,4,4,4,4,3,4,3,2,5,5,4,4,3,3,5,4,1,1
"147",19,"2","1","2",5,4,2,2,3,5,4,5,1,2,5,5,2,4,5,4,2,1,5,4,5,5,2,1,5,4,4
"148",78,"2","6","2",4,4,4,3,3,3,3,3,4,1,4,3,4,4,4,4,4,3,3,3,3,4,4,3,4,3,3
"149",32,"1","2","2",4,4,3,2,2,4,2,2,2,2,2,4,3,3,3,4,4,3,4,3,3,4,4,5,2,3,3
"150",51,"2","2","2",2,3,2,3,3,5,3,3,5,4,4,5,4,5,4,5,5,3,4,4,3,5,5,4,4,2,2
"151",38,"2","2","2",4,4,4,3,2,4,2,3,2,2,3,3,3,4,3,5,4,1,4,2,2,2,2,4,4,4,4
"152",41,"2","2","2",4,4,4,4,3,4,3,3,3,3,4,4,5,4,4,5,4,3,3,3,2,3,3,4,3,3,3
"153",42,"1","2","2",4,4,2,4,1,4,3,1,1,1,2,1,2,3,4,4,4,2,3,2,2,2,4,3,2,3,3
"154",38,"2","2","2",3,4,4,4,3,5,3,4,5,4,4,5,5,4,5,5,5,4,3,2,4,4,2,4,5,2,2
"155",35,"2","2","2",3,3,2,2,2,4,2,2,5,3,3,4,4,3,4,4,4,2,3,4,3,3,3,4,4,1,1
"156",25,"1","1","2",5,4,1,5,5,5,4,5,2,5,5,5,5,5,2,5,5,4,5,5,5,5,5,5,2,1,1
"157",19,"2","2","2",4,4,3,4,3,3,2,3,2,4,5,5,5,2,2,2,4,4,3,4,1,4,2,4,3,2,2
"158",28,"1","1","1",4,3,5,1,1,1,2,1,2,2,3,2,3,4,3,4,4,4,4,5,4,3,2,4,5,4,4
"159",21,"1","1","2",4,4,4,1,1,4,1,1,1,1,2,2,4,5,4,4,4,1,4,4,3,3,3,4,3,4,4
"160",55,"1","2","2",4,4,4,1,1,4,2,1,2,2,2,2,3,3,4,4,4,3,2,4,3,3,4,3,2,2,2
"161",19,"4","1","2",5,5,3,4,3,5,3,3,5,2,3,1,3,5,5,5,5,1,5,3,4,4,2,3,3,2,2
"162",19,"2","1","2",4,3,4,2,1,5,2,3,2,4,1,4,4,4,4,4,5,3,4,4,2,4,4,5,3,2,2
"163",18,"2","1","2",4,4,5,5,3,5,2,4,2,4,4,4,5,4,3,2,5,2,5,4,5,5,2,4,1,4,4
"164",20,"2","1","2",4,4,3,4,4,4,2,3,1,4,4,3,4,5,4,4,4,2,5,5,4,5,2,5,1,3,3
"165",20,"2","2","2",4,5,4,4,2,5,3,3,2,5,3,5,5,5,4,5,4,4,5,3,4,5,4,5,3,2,2
"166",45,"2","2","2",5,4,1,4,2,4,4,3,4,4,4,4,4,4,4,4,3,4,3,4,4,4,4,4,4,1,1
"167",20,"2","1","2",4,4,3,4,2,4,2,4,2,4,4,3,4,4,5,4,5,3,4,3,4,4,5,4,3,2,2
"168",21,"2","1","2",3,4,5,4,1,4,3,2,1,2,2,2,4,3,4,4,5,3,4,4,3,5,1,5,4,4,4
"169",20,"1","1","2",5,2,5,3,3,4,2,3,1,4,5,4,5,5,4,5,5,2,5,5,5,5,5,5,4,4,4
"170",20,"2","1","1",5,2,4,1,1,4,1,1,4,4,5,4,5,4,2,4,5,2,4,4,5,5,2,5,2,3,3
"171",19,"2","1","2",5,4,4,3,4,5,1,3,2,5,5,3,3,4,4,5,5,3,4,4,3,5,3,5,2,2,2
"172",19,"2","1","1",5,5,3,4,2,4,2,4,2,4,4,4,4,4,5,4,5,2,4,4,4,4,2,5,4,3,3
"173",54,"1","2","2",4,4,3,4,3,4,4,4,2,2,4,4,4,4,3,4,5,2,4,4,3,5,4,5,3,3,3
"174",20,"1","1","2",4,2,3,1,1,2,3,1,4,1,4,2,5,4,4,5,5,1,3,5,5,4,5,5,4,2,2
"175",63,"1","6","2",4,2,4,2,3,4,4,2,3,3,1,4,2,4,3,3,5,3,4,4,3,3,2,4,1,5,5
"176",29,"2","2","2",5,5,4,4,2,2,2,4,2,4,4,4,4,4,4,4,5,2,4,4,4,4,3,4,3,3,3
"177",60,"1","2","2",2,3,4,3,3,4,3,3,2,4,4,2,4,4,4,4,4,2,4,4,3,4,4,5,2,4,4
"178",60,"2","2","2",3,2,5,1,1,4,2,1,1,2,4,4,3,4,4,4,4,2,4,5,4,5,3,5,5,3,3
"179",21,"1","3","2",5,5,5,2,1,4,2,1,4,3,4,4,5,4,1,5,4,1,4,3,3,5,5,5,5,5,5
"180",21,"1","3","2",5,2,5,3,2,2,4,3,5,3,2,4,4,5,4,4,5,3,4,4,5,4,3,4,3,1,1
"181",22,"1","1","2",4,5,1,4,1,4,5,2,4,5,5,5,5,4,4,4,3,5,4,4,4,2,4,4,2,1,1
"182",27,"1","1","2",5,2,2,5,2,4,3,4,1,4,2,2,4,5,5,5,4,4,4,4,4,4,4,5,2,2,2
"183",52,"2","2","2",4,3,4,4,3,4,2,4,2,3,2,4,4,4,4,4,4,3,3,4,3,4,4,4,4,1,1
"184",20,"2","1","2",4,5,4,4,4,5,1,1,5,3,4,5,4,5,3,5,5,4,3,4,3,3,1,5,3,2,2
"185",20,"2","1","2",4,3,4,4,2,4,2,2,2,3,4,4,5,5,3,4,4,4,5,4,4,4,4,4,4,2,2
"186",55,"2","2","2",4,4,5,4,3,4,1,4,2,1,3,1,3,4,4,4,4,1,4,2,4,4,5,5,3,4,4
"187",20,"1","2","2",4,4,5,2,1,4,4,3,2,4,2,2,4,4,4,4,4,3,5,4,3,4,2,5,4,4,4
"188",22,"1","1","2",4,3,4,1,1,4,1,1,3,2,2,3,3,5,2,2,1,1,1,2,1,1,2,3,1,4,4
"189",21,"1","1","2",4,3,2,2,1,4,2,2,1,2,2,2,4,4,2,3,4,4,4,3,3,5,3,5,4,3,3
"190",20,"2","1","2",4,4,4,1,1,3,1,1,4,4,4,4,4,2,3,3,4,3,4,4,4,4,3,4,3,1,1
"191",25,"1","2","2",3,4,4,3,1,5,3,2,3,4,2,2,3,5,3,5,5,4,5,5,5,5,5,5,4,3,3
"192",31,"1","2","2",4,4,4,3,2,4,2,3,2,2,4,2,3,5,4,4,4,1,3,4,3,5,2,5,1,4,4
"193",22,"2","1","2",4,4,4,2,2,4,3,3,3,2,2,4,4,3,4,4,4,2,4,4,4,2,4,2,2,3,3
"194",21,"2","1","2",4,3,3,4,3,4,2,3,4,5,4,4,4,5,4,5,5,4,5,5,5,4,3,2,3,1,1
"195",20,"2","1","2",4,4,4,3,1,4,2,3,5,5,5,4,5,3,4,4,4,4,4,4,4,4,5,4,4,1,1
"196",20,"2","1","2",4,3,4,3,3,4,3,3,3,4,4,4,4,4,3,4,4,3,4,4,3,4,4,4,4,1,1
"197",20,"2","1","2",3,2,3,3,4,4,3,3,4,4,4,4,4,4,4,3,4,5,4,3,4,3,2,4,2,2,2
"198",21,"1","1","2",3,2,4,4,1,3,1,2,1,1,2,2,1,4,4,5,4,1,3,2,3,4,4,5,4,4,4
"199",66,"2","6","2",4,2,4,2,3,3,2,2,2,2,2,3,4,3,3,3,3,1,3,3,3,3,4,4,3,1,1
"200",29,"1","2","2",4,4,4,3,1,4,2,3,3,2,2,4,4,3,3,4,4,3,4,4,4,5,3,5,4,3,3
"201",22,"2","1","2",5,4,4,4,1,4,3,3,2,4,4,4,5,4,3,3,4,2,4,4,5,5,2,5,5,3,3
"202",21,"2","1","2",4,4,4,4,2,4,2,4,4,5,5,5,5,3,4,4,4,3,4,5,2,5,4,4,5,1,1
"203",34,"1","2","2",3,4,4,3,2,4,2,3,2,3,4,3,3,4,4,4,4,3,4,4,4,4,4,4,4,3,3
"204",62,"2","2","2",4,4,4,3,3,4,3,3,3,2,3,3,4,4,4,4,4,3,4,4,4,3,3,3,3,3,3
"205",20,"1","1","2",4,4,4,4,1,4,2,2,2,3,3,4,2,5,4,4,4,2,5,5,4,4,3,5,3,3,3
"206",22,"2","1","2",5,3,5,4,1,4,2,4,2,2,4,2,4,3,4,4,5,2,5,5,4,4,2,5,4,5,5
"207",20,"2","1","2",5,2,4,2,1,4,1,2,5,2,4,5,5,4,5,4,5,2,4,5,4,3,5,4,4,1,1
"208",21,"1","1","2",4,1,2,2,1,4,2,2,1,2,2,5,4,4,3,2,4,2,4,3,4,4,1,4,4,2,2
"209",21,"2","5","2",5,4,3,5,3,5,4,4,4,4,5,5,5,3,4,5,5,2,5,4,4,4,2,4,3,2,2
"210",55,"3","2","2",4,4,4,2,2,4,3,2,2,2,2,2,4,4,4,4,3,3,3,3,3,2,2,2,4,2,2
"211",19,"2","1","2",4,3,4,4,3,4,2,4,4,2,4,5,5,4,4,5,4,4,4,4,3,5,3,5,5,2,2
"212",19,"2","3","2",4,3,3,4,4,4,2,4,4,4,4,5,4,4,4,4,3,3,4,4,4,3,3,4,3,2,2
"213",27,"1","1","2",4,4,4,4,1,5,2,4,1,2,3,3,4,5,4,5,4,2,4,5,3,3,2,4,1,3,3
"214",24,"2","1","2",4,4,3,2,3,4,2,3,1,4,2,2,2,5,4,4,4,2,4,4,2,4,2,4,4,2,2
"215",22,"1","1","2",5,4,4,3,3,5,2,3,1,4,3,4,4,4,4,4,5,2,4,4,4,5,3,4,1,3,3
"216",28,"1","2","2",3,4,4,4,2,4,3,4,2,4,4,4,4,4,4,5,4,3,3,5,4,5,5,5,5,4,4
"217",21,"1","2","2",4,4,4,2,1,4,2,3,2,2,4,2,4,3,4,3,4,2,4,4,4,4,4,4,2,4,4
"218",19,"2","1","2",4,4,3,4,2,5,2,2,2,4,4,4,4,4,4,2,4,3,4,3,2,4,4,4,4,2,2
"219",50,"2","6","2",4,4,4,2,2,2,2,2,2,3,2,4,4,4,3,4,4,4,4,3,3,4,2,4,2,2,2
"220",20,"2","2","2",4,4,4,2,2,4,3,2,4,3,4,3,5,4,4,4,4,2,3,3,4,4,4,4,5,3,3
"221",21,"2","1","2",4,4,4,4,4,4,4,4,2,4,5,4,5,3,4,5,5,4,5,5,4,5,3,5,4,2,2
"222",21,"2","1","2",5,4,4,2,1,4,3,2,1,4,4,3,4,3,4,3,4,2,4,5,4,4,4,4,5,3,3
"223",31,"2","2","2",4,4,3,3,3,3,4,3,2,2,4,4,3,5,4,4,5,2,5,4,4,5,4,4,2,2,2
"224",20,"2","1","2",5,4,2,3,2,4,2,4,3,3,3,4,4,4,4,4,5,3,4,4,4,4,2,5,4,3,3
"225",55,"2","4","2",2,3,5,3,3,4,1,1,3,2,3,3,3,4,4,4,4,3,3,3,4,5,3,4,4,3,3
"226",20,"2","1","2",4,3,4,4,2,4,2,4,2,4,3,4,4,4,4,4,4,2,4,4,2,4,4,3,3,1,1
"227",56,"2","6","2",4,4,4,2,2,4,4,1,2,4,4,3,4,4,4,4,4,1,5,5,4,4,4,4,5,3,3
"228",19,"2","4","1",5,5,4,5,3,5,3,4,3,5,5,4,5,4,4,4,5,2,4,5,4,4,4,3,2,3,3
"229",19,"2","3","2",5,5,4,3,2,5,1,3,4,2,2,3,4,2,4,4,4,2,4,4,4,5,4,5,5,3,3
"230",21,"1","1","2",5,5,3,2,1,4,3,1,4,5,2,5,4,5,3,4,5,4,4,4,4,4,4,3,3,1,1
"231",20,"2","1","1",5,4,4,3,2,4,3,3,4,4,4,5,5,4,3,4,4,4,4,5,3,4,2,3,3,2,2
"232",24,"2","4","2",4,4,3,3,3,4,1,4,5,5,5,4,5,4,4,4,5,5,5,4,5,5,4,5,5,2,2
"233",23,"2","1","2",3,5,5,3,3,4,1,3,3,4,4,4,5,4,5,4,4,4,5,5,5,5,3,3,3,3,3
"234",21,"2","1","2",4,3,4,2,1,4,2,3,2,2,3,2,2,2,4,4,4,2,4,4,4,4,4,5,3,3,3
"235",20,"2","1","2",4,3,5,1,1,4,1,3,1,3,3,1,4,5,5,4,5,4,4,5,4,5,4,5,4,4,4
"236",22,"2","1","2",5,4,2,4,2,4,4,4,4,5,4,4,5,4,4,5,5,5,5,5,5,4,4,4,4,1,1
"237",22,"2","1","1",4,3,2,1,1,4,3,1,4,4,3,5,4,4,4,4,5,2,5,5,5,4,5,4,2,2,2
"238",20,"2","4","2",4,5,4,4,3,4,2,3,3,3,5,4,5,4,4,3,5,2,5,5,4,4,5,4,4,3,3
"239",23,"1","1","2",4,4,3,3,3,4,2,3,1,4,4,2,4,4,4,4,4,2,2,2,2,5,4,5,4,4,4
"240",23,"2","1","2",4,4,4,2,2,4,2,4,2,3,4,2,4,3,4,4,4,3,5,4,4,4,2,4,3,3,3
"241",24,"1","2","2",5,4,5,4,1,5,4,4,1,4,4,2,4,5,5,5,5,1,4,5,4,5,4,5,5,5,5
"242",20,"2","1","2",5,5,2,4,1,5,3,4,4,4,5,4,5,4,4,4,5,4,5,5,5,5,4,5,5,1,1
"243",22,"3","2","2",3,4,3,3,1,4,1,1,1,2,4,1,4,1,1,4,5,2,5,4,3,3,1,4,1,3,3
"244",21,"2","1","2",4,4,2,3,2,4,2,4,1,3,2,1,3,4,4,5,5,4,5,4,4,5,4,5,2,1,1
"245",19,"3","1","2",5,4,3,2,4,4,4,2,3,5,4,4,5,3,4,5,5,4,5,4,3,5,4,5,4,2,2
"246",61,"1","2","2",4,4,4,3,3,4,3,3,1,2,2,1,3,3,3,4,3,3,4,4,3,1,4,4,3,2,2
"247",20,"1","1","2",5,5,5,3,3,5,4,3,2,2,4,2,4,5,5,5,5,4,4,4,5,5,4,5,5,3,3
"248",20,"2","2","2",4,3,2,3,1,3,2,3,1,3,2,2,4,4,4,4,4,2,3,2,2,5,2,4,2,3,3
"249",19,"2","1","2",5,3,3,3,2,4,3,3,1,4,4,2,4,3,4,4,5,4,5,5,4,5,4,5,4,2,2
"250",20,"1","2","2",2,2,4,2,1,2,1,1,2,2,2,4,4,5,5,4,5,2,3,3,3,5,2,4,4,4,4
"251",59,"2","4","2",5,4,2,2,3,2,3,3,4,4,2,4,4,5,4,5,5,4,4,4,4,4,5,4,5,1,1
"252",19,"2","1","2",4,4,3,3,3,4,2,3,2,5,5,3,5,4,4,4,5,3,5,4,4,5,3,5,4,2,2
"253",22,"2","2","2",4,4,4,3,3,4,2,3,2,4,5,4,4,4,3,4,4,4,5,4,5,4,1,5,2,3,3
"254",23,"1","1","2",4,4,2,2,2,4,3,2,4,4,4,4,4,5,4,4,4,4,5,5,4,4,2,4,4,1,1
"255",21,"2","1","2",3,4,4,3,2,4,2,2,2,3,3,3,4,4,4,4,4,2,4,4,2,4,3,4,4,3,3
"256",55,"2","2","2",4,5,3,2,1,4,4,3,3,2,3,3,4,5,4,4,4,2,4,4,4,3,4,4,4,2,2
"257",20,"1","1","2",4,4,3,4,2,4,4,3,5,4,4,5,5,4,5,5,5,4,5,1,5,4,5,5,4,1,1
"258",22,"2","1","2",5,1,4,5,5,5,5,5,4,5,4,5,5,3,5,3,5,2,5,5,4,5,1,5,3,3,3
"259",20,"1","1","2",4,4,4,3,1,3,2,2,5,2,3,3,5,4,3,4,4,4,2,3,3,4,3,5,3,2,2
"260",20,"1","1","1",5,4,4,3,2,4,2,3,2,4,4,4,4,4,3,4,5,3,4,4,4,4,4,4,4,3,3
"261",22,"2","1","2",4,4,4,4,1,2,2,4,2,4,2,4,4,4,4,4,4,5,5,5,5,4,4,4,4,2,2
"262",49,"2","4","2",4,4,4,3,3,4,2,3,2,2,2,2,3,4,4,4,5,2,4,4,3,5,4,5,4,3,3
"263",22,"1","4","2",4,3,4,3,1,4,3,3,1,3,4,3,2,4,4,4,5,2,4,4,3,5,1,3,2,2,2
"264",20,"2","1","2",4,2,4,2,1,4,2,1,3,4,3,3,4,5,4,4,4,1,5,5,4,4,3,5,3,2,2
"265",19,"3","1","2",3,4,3,4,2,3,2,4,3,5,4,4,4,4,4,4,4,5,4,3,4,4,4,2,4,3,3
"266",20,"1","1","2",3,3,4,2,1,3,1,3,2,2,3,3,3,4,3,3,4,2,2,2,2,4,4,4,3,2,2
"267",19,"1","1","2",5,4,3,3,2,4,3,4,3,3,3,4,4,3,3,4,4,3,5,4,4,4,4,4,2,2,2
"268",19,"1","1","2",4,3,3,3,2,4,1,3,3,2,4,2,4,3,5,3,5,1,5,5,5,3,4,4,1,1,1
"269",21,"1","2","2",4,4,3,4,2,5,3,2,1,5,5,4,5,2,4,4,5,3,4,5,4,5,4,5,4,3,3
"270",20,"2","1","2",5,4,5,5,4,4,2,4,3,4,4,5,5,4,5,4,4,4,4,4,3,4,4,5,5,2,2
"271",20,"2","1","2",4,4,4,4,2,4,3,3,2,3,3,3,4,4,4,4,5,4,5,5,4,4,4,5,4,3,3
"272",19,"2","1","2",4,4,4,3,2,4,2,3,3,4,4,3,4,4,3,4,5,3,5,4,4,4,4,5,4,3,3
"273",19,"2","1","2",5,5,3,3,2,5,4,3,3,3,5,3,5,4,5,5,5,4,4,5,4,5,2,5,3,3,3
"274",20,"2","1","2",4,3,5,2,2,3,2,2,4,3,2,3,4,5,4,4,4,3,4,4,4,3,4,4,4,3,3
"275",21,"2","1","2",4,4,4,4,3,5,1,4,4,5,2,5,5,5,5,5,5,4,5,5,5,5,4,5,2,2,2
"276",19,"2","1","2",4,4,4,4,2,5,2,3,2,5,4,4,5,4,5,4,4,3,5,5,5,5,4,4,4,3,3
"277",20,"2","1","2",3,4,4,4,1,5,1,2,2,4,5,5,5,4,3,3,5,4,5,4,4,4,4,5,4,3,3
"278",25,"2","2","2",3,3,4,2,1,2,1,1,1,2,2,1,1,2,4,4,4,1,1,2,2,5,1,5,3,3,3
"279",20,"2","1","2",4,4,4,4,3,4,4,4,2,4,4,3,4,3,4,4,4,2,4,4,4,4,2,4,3,3,3
"280",53,"1","2","2",4,5,4,5,3,5,4,4,1,4,4,1,5,2,4,5,5,4,5,4,4,3,4,4,1,1,1
"281",19,"2","4","2",5,4,5,4,2,4,3,4,4,5,4,5,5,4,5,5,5,2,5,4,4,5,2,5,5,2,2
"282",20,"2","1","2",4,5,4,4,2,4,2,3,2,4,3,4,4,3,4,5,5,3,4,4,3,5,3,5,5,2,2
"283",22,"2","4","2",5,4,4,4,1,5,2,4,1,3,4,2,4,3,4,4,5,4,5,2,4,5,3,4,2,4,4
"284",57,"1","2","2",4,4,4,3,3,4,3,3,2,1,2,2,4,5,4,4,5,1,4,5,4,2,2,4,2,4,4
"285",19,"2","1","2",5,4,2,4,1,5,1,4,5,5,2,5,5,4,2,4,4,4,5,5,5,5,5,5,5,1,1
"286",22,"1","2","2",4,2,4,4,1,4,2,2,2,2,2,2,2,3,2,4,4,2,2,2,2,4,2,4,3,2,2
"287",21,"2","1","2",4,2,3,2,2,4,2,4,3,3,4,4,4,5,4,4,4,2,4,4,4,4,2,4,2,2,2
"288",56,"2","4","2",4,4,4,3,1,4,4,3,3,2,4,4,4,5,4,4,4,3,4,4,4,4,3,4,4,2,2
"289",20,"1","1","2",3,2,2,1,1,1,2,1,1,1,2,5,4,2,3,4,4,3,4,5,2,4,2,5,1,3,3
"290",20,"2","1","2",4,4,4,2,2,4,1,2,5,3,5,2,5,4,3,5,5,2,4,5,3,4,2,4,5,2,2
"291",23,"2","1","1",4,4,4,4,2,4,2,2,2,4,4,3,4,2,4,3,5,4,4,4,4,4,2,5,4,3,3
"292",20,"1","1","2",5,4,3,3,1,5,4,3,2,4,4,4,3,4,4,4,4,2,5,4,4,4,3,5,5,3,3
"293",20,"2","1","1",4,3,4,2,1,4,2,2,1,2,4,4,4,4,3,3,5,2,5,5,4,5,2,4,4,3,3
"294",20,"1","1","2",4,2,4,4,2,4,1,3,2,3,4,3,4,3,4,3,4,2,4,5,4,5,2,5,5,4,4
"295",19,"3","3","2",4,5,4,2,1,5,1,3,4,4,4,5,4,4,4,4,5,2,5,4,4,4,5,3,2,1,1
"296",22,"3","1","2",4,2,4,3,3,4,1,3,4,2,4,2,2,3,4,3,4,2,4,4,4,4,2,4,3,3,3
"297",20,"2","1","2",5,4,2,4,3,5,5,4,3,5,5,5,5,4,4,4,5,5,5,5,4,4,3,4,3,1,1
"298",23,"1","2","2",4,4,4,3,2,3,2,2,2,2,2,2,2,3,4,5,4,2,4,4,3,5,4,5,3,3,3
"299",24,"1","2","2",4,4,4,1,1,4,2,1,1,3,2,4,2,2,4,4,4,2,3,4,3,4,2,4,2,3,3
"300",26,"2","2","2",4,4,4,3,3,4,2,3,4,5,4,5,5,3,3,4,4,4,4,4,3,5,2,5,4,1,1
"301",28,"2","2","2",5,4,4,3,3,4,4,4,3,4,4,3,4,4,4,4,4,3,4,4,3,4,4,4,3,2,2
"302",55,"2","2","2",4,4,4,3,2,3,2,3,2,2,2,2,3,5,4,4,5,3,4,4,5,4,2,4,4,3,3
"303",23,"2","2","2",5,5,4,3,2,5,3,4,3,5,4,3,5,4,4,5,4,4,3,4,4,5,4,5,4,2,2
"304",23,"1","1","1",4,4,3,3,1,5,2,3,2,3,4,4,4,4,4,4,4,2,4,5,4,2,2,5,3,2,2
"305",23,"1","2","2",5,4,4,4,2,4,3,3,2,2,2,3,3,4,4,4,4,2,4,4,3,4,2,4,3,3,3
"306",23,"1","1","2",4,2,5,3,1,4,1,1,2,1,1,1,3,4,5,5,4,3,3,2,2,3,4,5,2,5,5
"307",20,"2","1","2",5,5,4,4,2,5,3,4,3,4,5,4,1,4,4,4,5,3,4,4,4,4,4,5,3,3,3
"308",35,"1","2","2",4,4,4,3,4,4,3,3,4,4,4,4,4,4,4,4,4,2,4,4,4,5,4,4,4,1,1
"309",19,"1","1","2",4,4,5,3,1,4,3,3,3,2,2,3,4,4,4,4,4,4,4,4,4,4,4,4,2,2,2
"310",20,"2","1","2",4,4,5,2,1,3,1,2,1,2,2,4,3,4,3,3,4,2,4,4,2,4,2,4,2,2,2
"311",56,"2","4","2",4,4,2,2,3,4,3,2,2,2,2,3,3,4,4,4,3,3,4,4,3,5,4,4,4,4,4
"312",48,"2","2","2",4,5,3,3,3,4,2,3,3,3,4,2,4,3,3,4,3,3,4,2,3,4,4,4,4,1,1
"313",52,"2","2","2",4,2,4,4,2,4,1,4,4,4,3,4,4,5,4,4,5,2,4,4,4,5,4,5,2,3,3
"314",20,"1","1","2",5,4,4,1,1,2,1,2,1,1,1,2,4,1,4,4,4,1,2,3,1,5,1,4,3,5,5
"315",47,"1","2","2",4,2,4,3,3,4,3,4,2,1,3,2,4,3,5,4,4,2,4,4,4,4,1,4,4,3,3
"316",57,"1","2","2",4,4,5,4,1,5,2,4,2,3,2,2,3,4,4,4,5,2,4,4,4,4,4,4,2,3,3
"317",37,"1","2","2",4,4,4,3,3,4,3,4,2,3,2,3,3,4,4,4,5,2,4,4,4,4,2,4,3,3,3
"318",20,"2","1","2",4,4,4,4,3,5,1,4,3,4,4,4,4,3,4,4,4,5,4,4,3,4,3,4,3,2,2
"319",21,"1","1","2",5,4,3,3,3,5,1,2,2,4,3,3,3,5,4,2,4,5,5,5,3,4,4,4,4,2,2
"320",20,"2","1","2",5,4,5,5,2,4,2,5,2,3,4,3,4,3,4,4,4,2,4,4,3,5,1,3,1,3,3
"321",20,"2","1","2",4,4,5,4,1,4,4,2,1,2,5,4,4,2,2,4,4,2,4,3,2,4,3,5,2,4,4
"322",41,"2","4","2",4,4,4,3,3,4,3,2,2,4,4,4,4,4,4,5,4,2,3,4,2,4,4,4,2,2,2
"323",22,"1","1","2",5,5,5,1,1,5,4,3,1,2,4,1,4,5,3,4,5,4,5,5,4,5,3,5,3,4,4
"324",20,"2","1","2",4,4,4,3,3,4,2,3,3,3,4,3,4,3,3,3,4,3,4,4,4,4,3,4,3,3,3
"325",22,"1","2","2",5,4,4,3,1,4,3,2,2,4,1,4,2,4,5,5,4,2,3,4,2,4,2,4,2,3,3
"326",20,"2","4","2",4,2,4,2,2,4,2,2,3,4,2,4,4,4,4,2,5,2,4,4,4,4,2,4,4,1,1
"327",53,"1","6","2",4,4,5,2,2,3,2,2,2,1,2,2,3,5,3,4,4,3,3,4,3,4,2,4,4,4,4
"328",19,"2","2","2",4,4,4,3,3,3,3,3,3,3,4,4,5,3,4,3,5,2,4,4,4,4,3,4,4,3,3
"329",23,"1","2","2",2,2,3,2,2,4,3,2,2,3,2,2,3,2,3,2,4,2,2,4,2,2,3,5,3,4,4
"330",63,"1","2","2",3,4,4,3,3,3,3,3,2,2,2,2,3,4,4,4,4,3,4,4,4,4,3,5,4,3,3
"331",22,"2","2","2",4,4,4,2,1,3,2,1,2,2,4,2,4,4,5,5,4,2,4,4,4,5,2,4,3,3,3
"332",20,"1","1","2",4,3,5,2,1,4,1,2,1,2,1,1,1,4,5,5,5,1,5,4,4,4,2,5,4,5,5
"333",58,"2","4","2",5,1,5,4,1,2,1,2,2,1,1,1,2,1,5,1,5,1,4,2,2,5,1,5,3,5,5
"334",57,"2","4","2",4,4,4,5,3,4,3,3,3,3,4,4,4,4,4,4,4,3,4,4,4,5,5,5,5,2,2
"335",21,"1","1","2",3,3,4,4,1,3,3,2,2,3,3,3,3,3,3,4,5,3,4,3,4,4,2,4,3,3,3
"336",34,"2","2","2",4,2,4,3,2,4,1,2,2,2,2,4,5,4,4,4,5,3,5,5,4,4,4,4,2,3,3
"337",24,"1","2","2",4,2,2,2,1,3,5,2,4,4,4,5,5,3,3,3,4,4,2,4,2,4,2,4,4,1,1
"338",24,"2","3","2",4,5,4,4,2,4,3,4,5,5,5,5,5,3,5,5,4,2,5,5,5,3,2,5,3,2,2
"339",21,"2","1","2",4,2,2,4,2,4,1,3,2,4,1,4,4,5,4,5,5,2,5,5,5,5,4,4,2,1,1
"340",21,"2","1","2",3,4,4,4,2,4,2,3,2,4,4,4,4,4,4,5,4,2,5,4,5,4,3,5,4,2,2
"341",24,"2","2","2",4,4,4,4,4,5,2,4,4,2,4,4,4,5,4,4,5,4,5,5,5,4,4,4,4,3,3
"342",45,"2","2","2",2,4,4,2,1,3,2,2,1,1,1,2,1,4,5,5,4,2,2,4,4,1,2,1,4,4,4
"343",19,"2","1","2",4,4,2,4,1,5,2,2,1,2,3,2,2,4,4,5,5,2,5,4,4,4,2,4,4,2,2
"344",23,"2","2","2",2,4,5,4,2,2,1,3,1,1,3,2,4,5,4,4,5,4,3,3,4,5,4,4,2,4,4
"345",52,"1","2","2",4,4,4,3,3,4,3,3,3,3,2,2,3,5,4,4,4,4,4,4,4,4,4,5,4,3,3
"346",20,"2","1","2",5,4,4,4,4,5,4,4,2,5,5,4,5,3,3,4,5,4,4,5,5,3,2,4,2,1,1
"347",20,"2","1","2",4,4,2,2,2,2,2,2,2,2,4,3,4,4,4,4,4,2,4,4,2,2,2,4,2,1,1
"348",37,"2","2","2",3,3,3,3,2,3,3,3,2,2,2,2,3,4,4,4,4,2,3,4,3,4,4,3,2,2,2
"349",19,"2","1","2",4,3,5,4,1,3,3,3,4,4,3,5,5,4,5,5,5,4,4,4,4,5,4,5,4,3,3
"350",20,"1","1","2",5,3,4,3,2,5,4,4,1,4,3,5,5,5,3,3,5,4,5,5,5,5,2,5,3,3,3
"351",18,"2","1","2",4,4,2,1,1,4,1,1,4,5,3,5,4,2,3,3,4,5,5,4,4,4,2,4,5,1,1
"352",22,"2","1","2",5,5,4,4,2,4,2,4,3,4,4,3,5,4,4,4,5,4,5,5,5,5,3,5,4,3,3
"353",24,"2","2","2",2,2,2,1,1,4,1,1,2,2,4,3,2,2,2,2,4,2,4,4,4,4,2,4,2,3,3
"354",20,"2","1","2",4,4,4,4,3,4,2,4,4,4,5,4,4,4,4,4,5,4,4,4,4,5,4,5,4,2,2
"355",22,"1","1","2",4,4,4,2,2,3,3,2,2,2,2,2,2,3,3,4,4,3,2,4,2,4,2,5,2,3,3
"356",20,"2","1","2",4,4,3,3,1,4,2,3,2,3,1,2,3,4,3,3,4,2,4,4,4,3,2,3,2,2,2
"357",22,"2","1","2",4,4,4,4,4,4,3,4,4,2,3,3,4,3,4,4,3,3,4,4,4,4,4,4,4,3,3
"358",22,"2","1","2",3,4,3,4,2,4,2,4,2,5,3,3,4,3,3,4,5,4,4,4,4,4,3,4,3,2,2
"359",22,"2","1","2",4,4,2,4,2,4,2,4,2,4,4,2,4,3,4,4,4,4,4,4,4,4,4,4,4,1,1
"360",20,"2","1","2",5,4,3,4,2,4,4,3,2,4,4,3,5,4,4,4,4,4,5,5,4,5,4,4,3,3,3
"361",69,"1","6","2",3,2,5,3,3,3,3,3,2,2,2,3,4,5,4,4,4,3,3,4,4,4,3,4,2,4,4
"362",22,"2","1","2",5,4,5,4,4,4,3,3,1,3,4,2,4,5,4,5,5,3,5,5,4,3,4,2,1,3,3
"363",23,"2","1","2",4,4,4,3,2,4,2,3,4,4,3,4,4,4,4,4,4,2,4,4,3,3,4,4,1,3,3
"364",19,"2","1","2",4,4,2,1,1,4,1,1,3,2,4,4,3,4,4,4,3,4,4,4,3,2,2,4,2,1,1
"365",20,"2","1","1",5,4,4,4,3,4,3,3,2,4,3,4,5,5,4,5,4,4,5,4,4,3,2,5,5,3,3
"366",23,"2","1","1",5,4,3,2,1,4,3,1,1,4,1,2,2,5,4,4,5,4,4,4,4,1,1,2,1,4,4
"367",21,"1","1","2",4,3,3,4,2,5,1,3,5,4,5,5,5,4,3,5,5,4,5,5,5,4,5,4,3,3,3
"368",22,"1","2","2",3,3,4,3,1,4,2,2,2,2,2,2,3,3,4,4,4,2,4,3,3,4,3,5,4,4,4
"369",18,"2","1","2",4,4,4,2,2,4,2,2,2,4,4,4,4,3,4,4,4,2,2,2,2,4,4,3,3,2,2
"370",21,"1","1","2",4,3,3,4,2,4,2,2,2,2,2,3,2,4,4,3,4,2,4,4,4,4,2,4,3,4,4
"371",19,"2","1","2",4,4,4,4,1,4,1,2,1,2,4,2,4,4,4,4,4,2,4,2,2,4,4,4,2,4,4
"372",51,"2","2","2",5,5,4,3,3,4,3,3,4,2,4,4,4,5,4,5,4,4,4,4,4,4,3,5,4,1,1
"373",20,"2","3","2",4,4,5,4,1,4,2,4,1,4,4,1,4,5,4,4,5,2,4,4,4,5,2,5,3,4,4
"374",23,"2","2","2",4,4,4,3,2,3,3,3,4,4,4,3,4,4,4,4,4,3,4,4,4,4,4,4,4,3,3
"375",19,"1","1","2",4,4,4,4,3,4,4,4,3,4,3,4,4,5,4,4,5,3,4,5,5,4,2,5,4,3,3
"376",79,"2","6","2",4,5,4,3,3,5,3,3,4,2,4,5,4,4,4,5,5,3,5,4,4,5,3,4,4,1,1
"377",53,"1","2","2",4,4,4,2,2,5,3,2,4,3,4,4,4,4,5,4,5,4,4,4,3,4,2,5,2,4,4
"378",22,"1","1","2",4,4,4,3,2,4,2,2,3,4,3,4,4,3,4,4,4,2,4,5,3,4,4,5,3,1,1
"379",20,"2","1","2",3,2,5,2,2,3,1,2,3,3,2,2,2,4,4,4,5,2,4,4,3,4,2,4,3,2,2
"380",19,"1","1","2",5,4,3,1,1,5,1,1,1,2,4,5,4,5,1,4,3,2,5,5,4,4,1,4,4,3,3
"381",22,"2","2","2",4,4,5,3,1,4,2,2,5,4,5,5,5,4,3,5,4,4,2,2,2,5,2,5,4,2,2
"382",54,"2","2","2",2,2,4,1,1,2,1,1,2,1,2,2,4,4,4,4,4,1,2,2,2,3,2,4,4,4,4
"383",54,"1","2","2",4,4,5,1,1,4,3,2,1,1,4,2,4,5,4,4,4,2,4,4,4,3,3,4,2,4,4
"384",61,"1","6","2",4,4,5,1,1,4,4,1,1,2,1,1,3,5,4,4,5,1,3,4,2,4,2,5,4,5,5
"385",19,"2","1","2",4,2,4,1,1,2,3,1,2,2,3,3,5,4,4,5,5,3,5,4,5,5,1,5,5,1,1
"386",22,"1","1","2",5,5,4,4,2,5,2,4,1,3,3,2,2,3,3,3,5,2,4,4,2,4,1,4,1,3,3
"387",29,"2","2","2",4,4,3,3,2,4,2,3,3,3,3,3,4,4,4,4,4,3,4,4,4,4,4,4,3,2,2
"388",21,"2","2","2",4,4,4,3,2,4,2,3,3,4,3,5,4,4,4,4,4,3,4,4,3,4,4,4,4,1,1
"389",22,"1","1","2",4,3,3,4,2,4,2,2,2,2,3,3,4,3,4,4,5,2,4,3,1,4,2,3,2,2,2
"390",52,"2","2","2",4,4,4,2,2,4,4,2,2,4,4,4,4,4,4,4,4,4,4,4,4,4,4,3,4,2,2
"391",20,"2","4","2",4,2,2,4,2,4,1,4,3,4,4,3,5,3,3,3,5,3,5,4,4,4,5,4,4,3,3
"392",21,"2","1","2",5,4,4,5,2,5,2,5,2,4,4,4,5,4,3,4,4,2,4,4,3,4,2,4,2,1,1
"393",48,"1","2","2",3,3,4,2,3,2,2,2,2,2,2,4,2,4,2,2,2,1,3,4,3,2,2,4,2,5,5
"394",22,"2","2","2",4,4,3,3,3,2,2,1,2,4,4,4,4,4,4,4,5,3,2,3,3,4,4,5,5,3,3
"395",25,"1","2","2",5,5,5,2,1,4,1,4,1,2,5,4,4,4,4,4,4,3,3,3,3,3,2,5,2,1,1
"396",80,"2","6","2",4,4,3,3,3,4,3,3,2,2,2,3,4,4,4,4,4,3,3,4,3,4,4,4,5,1,1
"397",20,"2","1","2",5,4,2,2,1,5,2,3,2,4,5,3,5,4,3,3,5,4,5,5,5,5,2,4,2,1,1
"398",19,"2","1","2",3,2,4,1,1,4,3,2,4,4,3,4,4,5,4,4,5,4,5,4,4,4,4,4,2,1,1
"399",20,"1","3","2",4,4,4,4,3,4,4,4,3,4,4,4,4,4,3,4,5,3,4,5,4,4,4,5,2,3,3
"400",26,"1","1","2",4,4,2,4,4,4,2,4,3,3,2,3,3,5,3,4,4,3,5,4,4,2,2,5,3,1,1
"401",26,"1","2","2",4,4,2,3,2,4,3,4,2,4,3,4,4,4,4,4,4,2,4,4,4,3,2,5,2,2,2
"402",18,"2","4","2",4,3,4,2,2,2,2,2,1,3,2,1,3,4,5,4,4,2,4,4,4,3,1,4,2,3,3
"403",52,"2","4","2",3,4,3,1,3,4,1,3,2,1,3,2,2,2,3,3,4,2,2,4,1,1,2,3,2,4,4
"404",20,"2","1","2",4,2,4,2,1,1,1,2,1,1,1,2,2,3,3,3,4,3,3,4,4,4,4,4,3,3,3
"405",24,"2","2","2",5,4,4,1,2,5,4,4,1,5,4,4,1,4,5,3,4,3,5,4,5,4,4,1,2,4,4
"406",19,"2","1","2",5,4,4,4,1,5,1,4,1,2,2,2,4,5,3,5,5,4,4,5,4,4,2,5,2,3,3
"407",20,"2","2","2",5,4,4,4,2,4,3,4,3,3,3,4,4,3,2,4,5,3,3,4,4,4,4,5,4,3,3
"408",20,"2","3","2",5,4,2,4,1,5,2,3,3,5,4,3,4,4,4,4,4,3,5,4,5,5,4,5,3,3,3
"409",20,"2","2","2",4,5,4,3,1,4,1,4,3,3,5,2,3,4,4,4,5,4,4,2,2,5,5,5,4,1,1
"410",20,"2","1","2",4,5,4,2,2,4,2,4,4,4,2,4,4,3,4,4,4,4,4,4,4,2,2,5,4,1,1
"411",20,"2","1","2",5,4,5,4,4,4,3,5,2,4,4,5,5,4,4,4,4,2,4,4,4,4,3,5,5,3,3
"412",24,"1","2","2",4,3,5,3,3,4,1,3,1,4,2,4,4,4,4,5,5,1,4,4,5,5,2,5,4,4,4
"413",20,"2","1","2",5,4,5,5,2,5,2,5,2,5,5,5,5,5,5,5,5,2,5,5,4,4,2,5,5,4,4
"414",19,"2","1","2",5,5,4,4,1,5,1,3,1,2,2,2,3,5,5,5,5,1,5,4,2,5,4,5,2,4,4
"415",27,"2","2","2",4,3,4,2,2,4,2,2,2,2,4,3,4,5,3,4,4,3,3,2,2,5,4,4,2,2,2
"416",20,"2","1","2",4,2,5,1,2,2,1,1,1,2,1,2,3,4,2,3,5,1,4,4,3,4,2,5,3,3,3
"417",20,"2","1","2",5,4,4,4,1,4,2,2,2,2,3,2,4,4,4,4,5,2,5,5,4,3,2,4,2,4,4
"418",19,"2","1","2",4,2,4,4,2,4,1,3,2,2,2,3,4,3,5,4,5,2,4,4,3,4,2,4,3,2,2
"419",23,"1","2","2",4,4,4,2,1,4,4,3,1,3,2,2,4,3,4,4,4,3,4,2,3,5,5,3,4,4,4
"420",19,"2","1","2",4,4,5,4,1,4,1,4,1,3,4,1,4,5,4,5,5,2,5,5,5,5,4,3,3,4,4
"421",20,"1","1","2",4,4,4,2,1,5,4,1,5,4,2,4,5,2,3,1,4,4,4,5,5,5,3,5,4,1,1
"422",69,"2","6","2",4,4,4,3,1,4,3,3,2,2,2,2,4,4,4,5,4,2,3,3,3,4,4,4,3,4,4
"423",20,"2","1","2",5,5,4,5,1,5,3,3,1,5,4,4,5,5,5,4,5,5,5,5,5,5,3,5,4,4,4
"424",19,"2","1","2",3,4,2,3,1,4,1,1,4,4,3,4,4,4,5,4,5,4,4,3,4,4,2,4,1,2,2
"425",21,"2","1","1",3,2,5,2,2,5,1,2,1,2,2,1,3,5,4,5,4,1,4,3,4,3,1,4,3,3,3
"426",20,"2","1","2",4,4,4,4,4,3,4,4,2,2,4,4,5,4,2,4,4,3,4,4,4,4,2,5,3,3,3
"427",22,"1","1","2",3,3,3,1,3,3,3,3,3,5,3,1,3,3,1,5,5,3,5,5,5,5,3,5,5,3,3
"428",19,"2","1","2",3,2,3,3,3,3,2,3,3,4,3,3,3,5,4,3,4,3,4,3,1,4,3,4,5,2,2
"429",47,"2","4","2",4,4,4,4,2,4,3,3,2,2,2,3,3,4,4,4,5,2,4,4,3,4,3,4,3,3,3
"430",21,"2","1","2",4,4,4,4,3,4,2,4,2,2,3,2,3,4,3,4,4,3,4,4,3,3,3,4,3,3,3
"431",19,"2","1","2",5,3,4,3,1,5,2,3,1,4,3,1,2,4,4,5,4,3,5,5,5,5,4,5,3,3,3
"432",19,"2","1","1",4,3,3,3,1,4,2,3,2,2,4,2,3,3,3,4,4,2,4,2,3,4,3,4,3,2,2
"433",19,"1","1","2",2,4,5,2,1,4,2,2,3,3,4,3,3,5,3,4,5,2,5,5,4,4,5,5,2,4,4
"434",50,"2","4","2",4,4,4,3,1,4,3,3,2,2,2,2,3,4,4,4,4,3,4,4,3,4,2,5,4,3,3
"435",18,"2","1","2",2,4,4,3,1,2,1,1,3,4,4,3,4,4,4,3,4,2,2,2,2,4,4,5,1,3,3
"436",19,"2","1","2",5,4,2,4,2,4,3,4,3,5,5,5,5,4,4,4,5,5,5,5,5,4,2,3,3,1,1
"437",20,"2","4","2",4,2,4,3,2,4,1,3,4,2,3,4,4,3,4,4,4,3,4,3,2,4,4,4,2,2,2
"438",23,"2","2","2",4,3,4,4,2,3,2,3,4,2,4,4,4,4,5,3,4,4,4,4,2,4,1,5,4,3,3
"439",20,"2","1","2",2,1,3,1,1,2,1,1,2,3,1,1,2,5,3,4,5,4,5,4,2,5,1,5,3,2,2
"440",19,"2","1","2",4,3,4,4,1,5,1,2,2,5,4,4,5,4,4,4,4,4,4,5,4,4,2,5,5,1,1
"441",53,"1","3","2",4,4,4,4,3,4,4,4,4,2,5,5,4,4,2,4,4,3,3,3,4,4,4,4,4,1,1
"442",53,"2","2","2",3,2,5,1,1,4,2,1,1,1,1,3,3,4,4,4,4,1,2,3,3,4,1,5,3,4,4
"443",52,"1","6","2",4,3,4,3,1,4,1,3,1,1,1,1,2,3,4,4,1,2,3,3,2,2,2,4,3,4,4
"444",47,"1","2","2",3,3,4,3,3,4,3,3,2,2,3,3,4,4,4,4,4,2,4,4,3,4,4,4,4,3,3
"445",47,"2","2","2",3,2,5,3,1,4,1,3,2,2,1,3,2,4,5,4,5,1,5,4,4,5,1,5,4,4,4
"446",19,"2","1","2",3,2,4,2,1,4,1,3,2,4,4,3,4,4,5,5,5,2,5,4,3,5,4,5,2,3,3
"447",50,"2","2","2",4,4,2,3,2,4,1,3,4,2,3,2,3,4,5,5,4,4,4,4,3,4,4,5,4,2,2
"448",20,"2","1","2",4,4,4,2,1,4,3,3,1,2,4,3,4,4,3,3,5,3,4,4,4,5,3,4,4,2,2
"449",22,"1","1","2",4,4,4,3,2,4,4,3,2,4,3,5,4,4,3,3,4,3,4,5,3,4,3,4,3,2,2
"450",21,"2","2","2",5,4,3,4,1,4,2,3,4,3,4,5,5,4,3,3,5,3,5,4,5,5,3,5,4,1,1
"451",21,"2","1","1",5,4,3,4,2,4,4,4,4,4,4,4,4,4,4,4,4,3,5,4,4,4,2,3,2,3,3
"452",21,"2","2","2",4,4,3,4,3,4,3,3,4,4,4,5,4,4,4,4,4,3,4,3,3,4,3,4,2,3,3
"453",49,"2","2","2",3,2,4,2,2,3,4,2,2,2,4,2,3,4,2,2,4,2,4,4,4,2,2,2,4,4,4
"454",19,"2","1","1",5,5,5,5,2,5,4,4,5,4,5,5,5,4,5,5,4,5,5,4,4,5,4,5,5,1,1
"455",20,"2","1","2",4,3,4,4,3,4,2,3,2,3,4,3,4,4,4,4,5,2,4,5,4,4,2,4,4,4,4
"456",20,"1","1","1",4,3,5,3,1,2,1,3,1,1,5,3,4,5,4,4,4,1,4,5,1,5,2,5,1,5,5
"457",23,"1","2","2",4,4,2,4,4,3,3,4,2,4,4,3,4,4,4,5,4,2,3,4,4,4,2,4,2,1,1
"458",20,"2","1","2",4,4,4,4,1,5,4,3,4,4,4,5,5,5,4,5,5,4,5,5,5,5,2,4,5,1,1
"459",51,"1","2","2",3,3,3,5,4,2,4,4,2,3,4,4,2,3,4,5,4,3,4,4,5,5,5,2,3,4,4
"460",22,"2","5","2",4,5,2,4,2,4,1,4,5,4,5,5,5,2,4,4,5,4,4,5,5,5,3,4,4,2,2
"461",28,"2","3","2",4,4,5,4,2,4,4,3,1,1,5,2,4,2,4,3,4,4,4,3,4,4,5,5,2,3,3
"462",50,"2","2","2",4,4,2,4,3,4,2,3,3,2,2,4,2,5,3,5,4,2,4,4,5,4,4,4,2,3,3
"463",19,"2","1","2",3,2,4,2,3,2,1,3,3,3,2,5,4,3,4,2,4,2,4,4,4,4,3,4,3,2,2
"464",20,"2","1","2",4,4,4,2,2,5,2,3,4,5,4,4,5,4,5,4,5,5,5,4,4,5,4,5,4,1,1
"465",19,"2","1","2",2,2,4,3,3,3,1,3,4,4,3,3,4,4,4,4,4,3,4,4,3,4,2,4,4,3,3
"466",22,"2","1","2",4,4,4,4,3,4,2,4,2,3,3,3,3,4,4,4,4,3,4,4,3,4,2,4,3,3,3
"467",22,"2","2","2",3,4,4,4,4,4,2,4,4,4,4,4,4,4,4,4,4,2,3,2,3,4,3,5,5,4,4
"468",22,"2","2","2",4,4,4,4,2,4,1,4,2,4,4,4,2,3,4,4,4,2,4,4,2,4,4,5,4,4,4
"469",21,"2","2","2",4,4,4,4,1,4,1,2,2,4,4,2,5,4,4,5,5,3,5,5,4,5,5,5,4,2,2
"470",21,"2","1","2",5,5,5,3,2,5,1,3,1,2,5,3,5,2,5,4,5,2,5,5,5,5,4,5,4,4,4
"471",20,"2","1","2",3,3,4,4,2,4,2,3,5,4,5,5,5,2,4,3,4,4,5,3,5,4,5,5,4,1,1
"472",22,"2","4","2",4,3,4,2,1,4,1,2,2,3,2,2,2,3,4,3,4,3,4,4,3,4,4,4,1,3,3
"473",19,"2","1","1",4,4,5,3,2,4,3,2,2,4,4,4,5,4,4,5,4,3,4,4,4,5,3,5,2,3,3
"474",19,"2","2","2",4,2,4,4,2,4,2,1,1,2,2,1,4,4,3,4,3,4,2,2,2,5,2,5,5,4,4
"475",18,"2","2","2",5,4,4,2,1,5,3,2,2,5,5,4,5,4,4,5,4,2,2,2,2,3,2,3,4,2,2
"476",25,"2","2","2",5,2,4,4,2,4,2,4,5,4,4,5,5,1,1,4,5,4,5,5,5,4,2,4,2,1,1
"477",22,"2","1","2",4,5,5,4,3,5,3,5,1,5,4,5,5,5,5,4,5,4,4,5,5,5,5,4,4,3,3
"478",20,"1","4","2",4,4,4,3,1,4,1,2,1,2,1,2,2,4,4,4,4,1,5,4,2,4,4,4,1,3,3
"479",78,"2","6","2",4,4,4,2,3,4,3,2,3,3,4,4,4,4,4,4,4,3,4,4,3,4,3,4,4,3,3
"480",50,"2","6","2",4,4,4,4,3,4,2,4,2,3,3,3,3,4,4,4,4,2,4,4,4,5,3,5,4,4,4
"481",51,"1","2","2",4,2,4,3,3,4,2,3,2,2,2,1,3,4,4,4,4,3,2,4,2,4,3,4,2,3,3
"482",49,"1","2","2",3,4,4,4,2,3,3,2,4,2,3,3,4,5,5,5,4,1,4,4,2,4,2,5,4,3,3
"483",21,"2","1","2",4,4,5,4,1,4,1,3,3,4,4,4,5,5,5,5,5,2,4,3,3,5,5,5,5,3,3
"484",20,"2","5","2",4,5,2,4,2,4,2,4,1,4,4,2,2,5,4,3,5,4,4,4,2,4,4,4,3,2,2
"485",18,"1","1","2",5,4,4,3,1,4,2,3,1,1,3,2,3,2,3,4,4,2,2,4,2,4,2,4,2,3,3
"486",23,"1","1","2",4,4,4,4,2,4,2,3,2,4,4,4,5,4,4,4,4,2,4,4,4,4,5,4,2,3,3
"487",21,"2","3","2",5,4,4,4,2,5,2,3,4,4,4,5,5,4,4,4,4,3,4,4,2,2,3,4,4,1,1
"488",20,"1","2","2",5,3,5,3,1,5,2,4,1,2,3,3,4,3,3,5,5,2,4,4,2,4,4,5,1,3,3
"489",39,"1","2","2",3,4,2,3,3,4,5,4,4,2,2,4,3,4,4,4,5,3,2,4,5,4,4,4,2,3,3
"490",43,"2","2","2",4,4,4,3,2,4,4,3,3,4,4,4,4,4,4,4,4,3,3,4,3,4,4,4,2,2,2
"491",23,"1","1","2",4,4,5,5,1,4,3,4,2,3,1,4,4,4,4,4,5,4,4,4,2,5,4,5,1,4,4
"492",43,"1","2","2",5,4,2,3,2,4,4,4,2,4,4,3,4,3,4,4,4,4,3,4,4,2,2,4,4,1,1
"493",20,"1","1","2",4,3,4,4,1,4,1,2,1,2,4,5,4,3,5,5,5,2,4,4,4,5,1,5,4,3,3
"494",19,"2","1","2",4,3,3,1,1,3,3,1,3,3,3,3,4,5,4,3,5,1,5,5,5,5,4,4,4,3,3
"495",20,"2","1","1",4,4,4,3,1,4,3,2,1,4,5,3,4,4,4,3,4,2,5,4,5,5,3,5,4,4,4
"496",55,"2","4","2",4,4,2,3,1,5,2,1,5,4,5,5,4,3,3,4,4,4,3,4,3,2,3,3,3,1,1
"497",57,"1","2","2",4,2,5,2,1,3,2,2,1,1,1,2,2,4,4,5,4,2,2,4,3,4,2,3,2,4,4
"498",26,"1","1","2",4,2,1,2,2,4,2,3,3,4,2,3,3,4,3,5,2,4,4,4,4,2,2,3,2,2,2
"499",19,"1","1","2",3,3,3,1,1,4,2,1,1,2,1,1,3,3,4,5,4,1,2,4,2,5,5,5,5,3,3
"500",19,"1","1","2",5,5,2,4,4,5,4,4,1,4,4,3,5,3,4,3,5,3,4,4,4,5,5,5,5,1,1
"501",25,"2","2","2",4,4,3,4,3,4,2,4,2,5,5,5,5,5,4,4,5,3,5,5,5,2,2,4,2,2,2
"502",20,"1","1","2",5,2,4,1,1,5,2,1,2,4,2,4,2,3,4,4,4,4,2,4,2,4,1,3,2,2,2
"503",18,"1","1","2",5,4,5,4,1,5,1,4,1,2,1,2,1,5,5,5,5,1,1,4,1,5,1,5,3,5,5
"504",20,"2","1","2",4,3,4,3,2,4,3,3,4,4,4,4,5,4,3,4,4,4,4,3,3,4,4,3,4,1,1
"505",22,"1","1","2",4,4,4,1,1,2,1,2,2,2,1,1,1,2,2,3,4,3,5,4,1,3,2,4,5,5,5
"506",23,"1","1","2",5,4,4,4,1,4,2,4,1,4,4,4,4,4,4,5,5,4,4,5,5,5,3,5,4,2,2
"507",24,"2","1","1",4,3,3,3,1,4,1,1,2,3,4,2,4,4,4,4,5,2,5,4,2,5,1,3,3,4,4
"508",28,"3","1","2",3,3,3,3,3,5,5,4,3,5,4,5,4,3,4,4,4,5,4,5,5,4,4,4,4,1,1
"509",20,"1","1","2",4,3,4,4,1,4,2,3,2,3,4,2,3,4,4,4,5,4,4,4,4,4,2,5,2,3,3
"510",19,"1","3","2",3,4,3,3,1,1,2,2,2,4,4,1,2,3,3,4,4,3,4,5,4,4,4,5,4,1,1
"511",27,"2","2","2",4,4,3,4,2,4,3,4,4,5,5,4,5,4,3,4,4,5,5,4,4,4,3,5,4,1,1
"512",62,"2","6","2",5,4,2,4,3,4,4,3,3,2,3,4,4,4,5,4,5,3,4,4,4,3,3,4,4,3,3
"513",27,"2","2","2",4,4,5,4,3,5,3,5,5,5,5,4,5,4,5,5,5,4,4,4,4,5,4,5,3,2,2
"514",22,"1","4","2",5,4,3,2,4,4,5,2,1,4,2,4,5,4,5,5,4,2,4,4,3,5,4,4,4,2,2
"515",21,"1","2","2",4,4,3,2,1,4,1,3,2,4,2,4,4,4,4,3,4,2,4,4,4,4,2,4,3,2,2
"516",45,"2","2","2",3,4,3,2,3,4,3,1,2,3,2,4,4,4,4,4,4,2,4,4,2,4,2,4,4,1,1
"517",19,"1","1","2",5,2,4,1,1,4,2,1,1,2,4,1,4,2,4,3,5,4,5,4,4,5,4,5,3,2,2
"518",37,"1","2","2",4,2,3,4,3,4,2,4,2,3,2,2,4,4,4,4,4,3,3,4,4,4,5,5,4,2,2
"519",21,"2","1","2",3,4,4,4,2,4,2,4,1,3,4,2,4,4,4,4,5,2,5,4,4,5,4,4,4,4,4
"520",23,"2","1","2",4,4,4,4,3,4,3,4,2,4,4,4,4,3,3,4,4,3,4,5,4,5,4,5,4,3,3
"521",41,"2","2","2",3,2,4,3,2,2,3,3,2,2,2,3,2,3,3,3,3,2,2,2,2,3,2,3,3,1,1
"522",49,"1","2","2",4,4,1,4,3,4,5,3,2,3,2,4,3,5,5,5,4,3,3,3,2,2,3,4,3,2,2
"523",18,"2","1","2",5,5,5,4,1,1,1,1,1,4,5,1,5,5,5,5,5,1,3,5,5,5,5,5,1,5,5
"524",19,"1","1","2",5,4,2,2,1,5,2,1,1,4,2,1,1,4,3,4,5,3,5,5,5,4,1,4,3,2,2
"525",23,"1","1","2",4,4,3,1,1,3,3,1,4,4,3,4,4,4,2,4,1,5,3,4,4,2,1,4,2,1,1
"526",22,"1","1","2",5,3,4,3,1,5,1,3,1,2,3,1,4,1,4,4,5,2,4,5,3,5,4,5,2,3,3
"527",21,"2","5","2",4,3,4,2,1,4,2,4,3,4,4,5,4,4,4,4,4,5,4,4,4,4,4,4,4,2,2
"528",21,"1","2","2",5,4,3,5,4,5,2,4,3,4,5,4,4,4,3,4,2,2,2,4,4,4,5,4,4,2,2
"529",18,"2","1","2",5,4,4,5,4,5,2,3,3,4,4,4,4,5,5,5,5,4,5,5,3,4,2,3,3,1,1
"530",20,"1","1","2",5,3,3,1,1,5,4,1,2,2,2,1,4,5,5,5,5,4,5,5,5,5,5,5,1,1,1
"531",21,"1","1","2",4,4,2,3,4,4,2,4,2,2,4,4,4,3,3,4,3,4,5,5,4,5,4,5,3,3,3
"532",48,"2","2","2",5,4,3,3,3,4,1,4,2,4,4,3,4,3,5,5,4,3,4,5,3,5,3,5,2,3,3
"533",21,"2","1","2",3,4,3,4,2,4,3,3,1,4,2,3,4,4,4,4,5,2,4,3,2,5,5,5,4,3,3
"534",21,"2","1","1",2,3,1,3,2,1,2,2,5,4,5,4,4,4,4,3,4,4,4,4,4,3,4,2,3,1,1
"535",21,"2","1","2",5,5,2,4,5,5,4,5,4,5,4,5,5,4,4,4,5,4,5,4,4,4,3,4,4,2,2
"536",20,"2","4","2",5,4,2,4,1,5,2,4,5,5,4,5,5,3,4,2,4,2,5,4,3,3,5,4,4,1,1
"537",19,"2","1","2",4,4,5,4,1,4,2,2,1,3,4,2,4,5,4,4,5,2,4,4,4,5,3,4,4,3,3
"538",20,"2","3","2",4,3,2,3,2,4,2,2,3,3,2,3,4,4,4,4,4,4,4,4,4,4,3,4,4,2,2
"539",25,"2","3","2",4,4,2,3,2,2,3,4,4,4,4,5,5,4,4,4,4,4,4,5,4,3,3,4,3,1,1
"540",20,"2","1","2",5,4,4,4,2,4,2,2,2,3,5,3,4,3,4,4,5,2,4,4,2,4,5,4,2,4,4
"541",20,"2","2","2",4,2,2,2,1,4,1,3,2,3,3,4,4,5,3,4,4,2,4,4,3,3,3,4,3,1,1
"542",26,"2","2","2",4,2,5,2,1,3,4,2,3,2,2,4,4,2,2,5,4,2,4,2,2,4,4,4,2,2,2
"543",56,"1","2","2",3,2,4,4,3,3,1,3,2,2,1,2,2,3,3,4,4,2,4,4,3,4,4,4,3,3,3
"544",63,"2","4","2",4,4,3,4,3,4,3,4,4,3,4,4,4,4,4,4,4,3,4,5,4,4,4,4,4,1,1
"545",56,"2","2","2",3,4,4,3,3,4,3,3,2,3,4,4,4,3,4,5,5,3,4,5,4,5,3,5,4,3,3
"546",21,"2","1","2",5,5,4,2,2,5,3,2,4,3,3,3,4,4,4,4,5,4,4,4,4,4,4,5,3,1,1
"547",21,"2","1","1",4,2,3,5,1,2,1,5,4,3,5,4,4,3,5,5,5,2,5,5,5,5,3,5,3,4,4
"548",81,"2","6","2",3,3,5,5,3,5,3,5,1,2,4,1,3,3,4,4,4,1,4,4,4,4,4,3,3,4,4
"549",19,"2","1","2",3,4,2,4,3,4,2,4,1,3,4,2,5,4,5,5,5,4,5,5,5,3,5,4,3,2,2
"550",19,"1","3","2",3,1,2,2,1,3,1,1,1,1,1,4,2,3,5,4,5,2,5,4,2,4,1,5,2,2,2
"551",21,"3","1","2",5,4,2,2,1,4,1,2,5,4,5,5,5,4,3,3,4,5,4,5,4,2,3,2,2,1,1
"552",20,"1","1","2",5,4,5,4,1,5,2,2,5,4,2,4,4,2,5,5,4,2,4,4,4,5,2,5,2,5,5
"553",30,"2","1","2",5,5,4,1,1,4,4,3,3,3,5,2,4,4,4,5,3,2,3,4,4,5,3,5,3,3,3
"554",20,"2","1","2",4,5,4,4,1,4,2,2,2,5,4,2,5,4,4,4,5,4,4,4,4,5,4,5,4,3,3
"555",52,"2","2","2",4,4,4,3,3,4,3,3,3,3,4,4,4,4,4,4,4,3,3,4,3,4,4,4,2,3,3
"556",20,"2","1","2",4,4,4,4,2,4,2,4,2,4,5,4,4,4,4,5,5,3,4,4,4,5,4,4,4,3,3
"557",20,"2","1","2",3,3,5,4,1,4,1,2,4,1,3,2,4,4,4,4,5,4,4,4,2,4,5,4,5,2,2
"558",53,"2","4","2",4,4,4,3,3,4,3,3,4,3,4,4,4,4,4,4,4,3,3,3,3,4,4,4,4,2,2
"559",18,"1","2","2",4,4,4,3,2,4,2,3,2,4,3,3,4,4,4,4,5,3,4,5,4,4,4,4,3,4,4
"560",23,"1","1","2",5,4,5,2,1,4,3,4,1,2,5,2,5,4,4,4,4,2,4,4,4,5,4,4,4,4,4
"561",53,"1","2","2",4,4,4,3,3,4,2,3,2,3,4,4,4,4,4,4,4,4,4,4,2,4,2,4,3,2,2
"562",21,"1","2","2",3,1,4,2,1,2,2,1,1,1,1,1,1,3,4,3,4,1,4,4,3,4,2,5,4,4,4
"563",49,"2","2","2",2,4,4,1,1,4,3,1,4,4,2,4,4,4,2,4,4,4,4,4,4,4,4,5,5,3,3
"564",21,"1","1","2",4,3,4,4,1,4,2,2,1,3,3,4,3,2,4,4,4,2,4,3,2,4,2,5,2,3,3
"565",25,"1","2","2",4,4,4,2,1,4,1,2,1,4,1,2,1,5,3,4,5,3,3,4,2,2,1,4,2,4,4
"566",20,"1","1","2",4,4,3,4,4,5,2,4,4,5,4,4,4,5,2,4,4,4,4,4,4,4,4,1,4,2,2
"567",20,"2","1","2",4,2,5,3,1,4,1,3,3,2,2,1,4,5,4,4,5,4,5,5,4,5,4,5,2,3,3
"568",24,"2","1","2",5,4,2,2,2,3,2,3,2,3,4,3,4,2,4,4,4,1,3,1,1,4,4,3,1,4,4
"569",24,"1","2","2",4,3,2,3,1,3,2,3,2,3,3,2,2,3,3,5,4,2,4,4,4,5,3,4,4,3,3
"570",20,"2","1","2",4,3,4,4,1,4,1,4,3,3,3,3,4,4,4,5,5,3,5,4,4,3,2,4,5,3,3
"571",25,"1","1","2",4,2,4,1,1,2,2,2,2,3,2,4,4,5,4,4,4,4,4,4,4,4,2,5,4,1,1
"572",26,"2","1","2",4,3,4,3,3,4,1,3,4,2,4,4,4,4,4,4,4,3,5,5,5,4,5,3,3,2,2
"573",44,"2","4","2",3,2,4,1,1,1,1,1,1,1,1,3,3,5,5,5,4,1,5,4,3,5,4,5,3,5,5
"574",23,"1","2","2",4,5,4,3,3,4,2,3,2,4,4,3,4,4,4,4,5,2,4,5,4,4,3,4,2,3,3
"575",60,"1","2","2",4,3,5,1,1,4,2,3,1,1,5,5,4,5,4,5,5,1,4,3,4,5,3,4,3,5,5
"576",20,"1","1","2",5,5,5,5,4,5,2,5,1,5,5,1,5,5,4,4,5,4,3,4,1,5,1,5,2,4,4
"577",19,"3","1","2",5,4,3,3,2,4,3,3,5,4,4,5,4,5,4,4,4,4,5,4,5,5,2,5,5,1,1
"578",21,"1","1","2",4,4,4,1,1,4,1,1,1,2,4,3,4,5,4,4,5,4,4,4,4,5,3,5,5,2,2
"579",29,"2","2","2",5,5,4,4,1,5,3,4,3,4,5,4,5,4,4,4,5,2,5,5,4,5,3,5,5,2,2
"580",20,"2","1","1",5,4,4,4,4,5,3,5,2,5,5,4,5,4,4,4,5,4,5,5,5,5,4,5,5,1,1
"581",20,"2","1","2",4,4,3,4,3,4,2,4,2,3,4,3,4,4,4,4,4,3,4,4,4,4,3,4,4,3,3
"582",21,"2","1","1",4,4,4,4,4,4,3,4,3,3,4,3,4,4,4,4,4,4,5,5,3,4,4,4,4,3,3
"583",23,"2","2","2",4,2,4,3,2,4,2,3,2,3,3,3,4,4,4,2,5,2,4,4,2,5,2,5,4,3,3
"584",20,"2","1","2",4,4,5,4,3,4,2,3,2,4,4,3,4,5,4,4,4,4,4,5,3,4,5,4,4,3,3
"585",20,"2","1","2",3,3,3,3,3,3,2,4,4,5,4,5,5,3,3,4,4,3,4,4,4,5,3,5,5,1,1
"586",20,"2","1","1",4,4,3,4,4,4,2,4,2,4,4,4,4,4,4,4,4,3,4,4,4,4,4,4,4,3,3
"587",21,"2","1","2",4,4,5,4,2,4,1,4,1,4,2,3,2,4,4,4,5,3,2,3,1,4,1,5,4,3,3
"588",22,"2","1","1",4,4,4,2,3,4,1,4,2,4,4,4,4,4,4,4,5,4,4,4,4,4,1,5,2,2,2
"589",56,"2","6","2",4,2,5,4,2,4,2,3,2,2,2,4,4,3,4,3,3,2,2,3,3,5,2,4,4,4,4
"590",29,"1","1","2",3,4,3,3,2,3,4,3,2,3,2,3,2,4,3,3,4,3,3,3,2,3,2,4,3,3,3
"591",20,"2","1","2",4,3,4,2,2,2,3,2,2,2,3,4,2,4,3,4,4,2,4,4,4,4,1,4,2,3,3
"592",21,"2","1","2",4,2,4,2,2,3,4,2,2,3,3,2,4,4,4,4,4,4,4,4,4,5,4,5,2,3,3
"593",80,"2","6","2",4,4,4,3,4,3,2,3,4,2,4,3,4,4,4,4,4,2,4,4,3,4,4,4,4,3,3
"594",54,"1","2","2",3,3,4,1,1,1,2,1,3,2,1,2,2,4,4,5,2,1,1,2,4,4,4,5,2,3,3
"595",19,"2","1","2",4,4,5,3,1,5,2,3,3,4,4,4,5,5,2,2,4,4,5,4,4,4,2,2,5,2,2
"596",23,"2","2","2",5,5,5,4,2,5,1,4,2,2,3,3,3,4,4,5,5,2,4,4,4,5,4,5,3,5,5
"597",19,"2","1","2",5,5,4,5,4,5,4,5,2,5,5,4,5,5,4,2,5,4,5,5,4,2,4,2,5,1,1
"598",19,"2","1","2",4,2,4,4,3,4,1,3,2,1,1,1,4,4,5,5,2,1,2,1,1,4,3,3,4,5,5
"599",20,"2","1","2",4,4,4,3,2,4,3,3,4,3,4,4,4,5,4,4,5,2,4,5,4,4,3,5,4,3,3
"600",20,"2","1","2",4,4,5,5,3,5,5,4,2,4,4,4,5,4,4,5,5,3,5,5,4,4,3,4,3,2,2
"601",23,"2","2","2",4,3,4,4,1,3,1,4,5,4,3,4,4,4,4,4,5,3,2,4,2,4,2,5,4,3,3
"602",20,"2","1","2",4,4,4,3,2,5,1,4,3,3,4,4,4,4,4,4,5,3,5,5,1,4,2,5,3,3,3
"603",20,"2","1","2",4,4,4,4,1,4,2,2,1,3,4,1,4,4,4,5,5,2,4,4,3,5,4,5,3,3,3
"604",47,"2","3","2",1,1,5,1,1,2,1,1,2,1,1,4,2,3,4,4,1,1,4,4,2,4,4,1,2,2,2
"605",19,"2","1","1",4,4,4,4,2,3,3,3,2,5,4,4,4,4,4,4,5,4,4,4,4,5,4,5,5,3,3
"606",19,"2","1","2",4,4,5,4,5,4,1,1,1,2,1,4,4,4,4,5,5,1,5,5,3,5,2,5,2,4,4
"607",53,"2","4","2",4,4,2,4,1,4,3,4,5,2,3,4,4,5,4,4,5,3,4,5,4,4,4,4,3,1,1
"608",19,"1","1","2",4,4,5,3,1,5,4,4,3,4,4,4,4,3,4,4,5,2,2,2,4,5,3,4,2,2,2
"609",51,"1","2","2",5,4,4,4,3,4,4,3,4,5,4,4,4,4,4,5,4,2,4,4,3,4,2,1,2,1,1
"610",20,"2","1","2",4,4,4,5,4,4,1,5,5,4,3,5,5,4,4,4,5,4,5,5,5,5,5,5,4,2,2
"611",52,"2","2","2",4,4,1,3,3,4,2,3,2,2,2,2,4,4,4,4,5,2,4,5,4,5,2,5,2,2,2
"612",21,"2","1","1",4,2,4,4,3,5,2,5,4,5,5,5,5,4,4,4,5,4,5,4,4,4,4,4,4,3,3
"613",22,"1","2","2",4,3,3,1,1,3,3,1,1,2,3,3,4,3,4,4,4,3,4,4,3,4,2,4,4,2,2
"614",21,"1","2","2",5,5,4,3,1,5,3,4,1,3,3,3,4,5,4,5,5,3,4,4,3,5,2,5,3,4,4
"615",21,"1","1","2",4,4,4,2,2,3,2,2,1,4,4,1,3,4,4,4,4,2,4,4,3,4,4,5,4,3,3
"616",20,"1","4","2",4,4,3,2,1,4,2,2,1,5,2,4,4,4,3,5,5,5,4,4,2,5,2,5,4,3,3
"617",20,"2","1","2",4,4,2,4,2,4,2,4,3,4,4,4,4,4,4,4,4,4,4,4,4,4,4,4,5,3,3
"618",24,"1","2","2",4,4,5,3,1,4,1,4,1,3,4,3,4,4,4,4,4,2,4,5,4,4,2,4,4,4,4
"619",30,"2","1","2",4,5,3,3,1,4,4,4,2,3,5,4,5,5,4,5,5,3,5,5,5,5,1,5,5,2,2
"620",45,"1","5","2",3,2,4,1,2,2,2,2,2,1,2,1,2,3,3,4,4,1,4,4,2,4,4,4,4,5,5
"621",21,"1","1","2",5,5,3,3,3,5,5,4,2,5,3,2,4,4,4,4,2,5,5,3,4,3,2,4,1,1,1
"622",26,"1","2","2",5,4,1,1,1,5,1,1,2,3,2,2,5,2,2,2,2,4,4,4,5,2,3,5,4,1,1
"623",23,"1","2","2",3,2,5,2,2,2,2,2,2,2,4,3,4,2,3,5,4,2,3,3,2,4,2,4,4,4,4
"624",20,"2","1","2",5,4,4,3,1,5,2,3,5,4,5,3,5,5,4,5,5,4,5,5,5,4,5,3,4,1,1
"625",20,"2","2","2",4,5,2,4,3,5,2,4,3,4,4,4,5,5,4,4,4,4,4,3,4,4,2,4,2,2,2
"626",19,"2","1","2",5,5,5,4,1,5,3,2,2,4,4,4,5,5,4,2,5,2,5,4,2,3,3,5,1,1,1
"627",20,"2","1","2",1,2,4,2,5,4,2,4,4,3,1,4,5,3,5,4,4,2,1,2,4,2,4,3,3,2,2
"628",20,"2","4","2",3,4,3,2,1,3,2,2,2,2,2,3,3,4,5,5,5,4,4,4,4,4,4,5,2,3,3
"629",20,"2","1","2",4,4,4,4,4,4,1,4,4,5,4,4,5,4,5,5,4,2,4,4,2,5,1,5,4,4,4
"630",19,"1","1","2",4,4,4,4,5,4,4,5,4,3,4,4,4,4,2,4,4,4,2,4,4,4,4,4,4,2,2
"631",28,"1","2","2",5,5,4,3,3,5,3,3,1,4,5,2,4,3,4,5,4,1,5,4,5,4,4,5,2,4,4
"632",22,"2","2","2",5,4,4,4,2,4,2,4,2,4,2,4,4,5,4,4,5,4,5,5,4,5,5,4,3,3,3
"633",22,"1","2","2",4,4,4,4,1,4,3,4,4,3,4,4,4,5,5,5,5,3,5,4,5,4,4,5,4,3,3
"634",79,"2","6","2",1,2,3,3,1,1,1,1,4,1,3,1,2,3,3,3,2,1,1,3,3,4,1,4,1,3,3
"635",19,"2","1","2",4,4,3,4,2,4,1,3,2,4,3,4,4,3,4,4,4,3,4,4,4,4,2,4,3,2,2
"636",21,"2","1","2",4,2,4,4,4,4,2,2,2,2,4,4,4,4,4,4,4,2,3,3,2,2,2,4,2,2,2
"637",20,"2","1","2",4,3,4,3,1,4,1,4,3,4,4,4,3,4,4,4,5,4,5,5,4,4,4,4,1,3,3
"638",29,"2","4","2",4,4,4,1,1,4,3,3,3,4,4,4,4,4,4,3,4,3,4,4,3,4,2,4,4,2,2
"639",21,"2","2","2",4,2,5,2,1,2,1,4,2,1,4,2,2,5,4,4,4,1,5,4,5,3,2,4,2,4,4
"640",21,"1","4","2",3,2,4,4,1,3,3,3,1,1,3,3,4,5,4,5,5,2,4,2,4,4,3,5,5,5,5
"641",19,"2","1","2",2,2,4,2,2,3,1,3,2,2,2,3,2,4,4,2,4,1,2,2,2,4,2,4,2,3,3
"642",20,"2","1","2",4,2,4,4,3,3,2,3,5,2,3,5,1,4,3,3,4,4,2,4,3,3,3,4,3,4,4
"643",52,"2","2","2",4,4,2,3,3,4,2,3,5,5,3,2,4,3,4,4,5,4,4,4,3,4,4,5,4,2,2
"644",22,"2","2","2",4,4,5,3,2,4,2,4,2,4,5,3,5,4,4,4,4,2,3,4,4,5,5,5,5,3,3
"645",20,"2","1","2",3,3,3,2,1,4,2,1,1,2,2,3,3,4,4,3,3,2,4,2,3,3,2,4,3,2,2
"646",49,"1","2","2",3,2,4,2,1,3,2,1,2,1,2,2,1,4,4,4,2,2,4,3,4,3,2,3,3,4,4
"647",49,"2","2","2",5,4,4,4,3,4,2,4,2,2,4,4,3,5,5,5,5,2,4,4,3,5,4,5,4,4,4
"648",42,"2","2","2",3,2,2,2,2,4,2,3,2,2,2,4,4,4,4,4,4,2,4,5,4,4,4,4,2,2,2
"649",72,"2","2","2",4,3,3,4,4,4,3,3,3,3,2,4,4,4,4,4,4,4,4,4,4,4,4,3,2,1,1
"650",23,"1","1","1",4,4,5,4,2,4,4,2,1,2,4,2,2,2,4,4,4,3,4,2,2,4,2,4,4,4,4
"651",21,"2","1","2",5,2,4,5,5,4,1,2,4,4,4,4,4,4,4,5,5,2,4,5,5,5,2,5,4,3,3
"652",20,"2","2","2",4,4,4,3,2,4,3,3,5,4,5,5,5,4,4,4,3,4,4,4,3,4,2,4,3,1,1
"653",57,"1","2","2",4,2,4,2,2,2,3,2,1,2,2,2,3,5,4,5,4,3,4,5,3,4,4,4,3,4,4
"654",59,"1","2","2",3,1,5,4,2,4,2,3,2,1,2,2,4,5,4,4,5,2,2,4,3,2,2,4,5,4,4
"655",64,"2","4","2",4,4,4,2,3,4,2,2,4,4,4,4,5,4,4,4,4,4,4,4,3,4,4,3,3,2,2
"656",56,"2","2","2",4,4,4,3,3,4,4,3,4,4,3,3,4,4,4,5,4,3,3,4,3,4,4,4,4,1,1
"657",32,"2","2","2",4,3,4,4,2,4,3,3,2,3,4,4,5,4,4,4,4,1,3,4,3,4,4,5,3,1,1
"658",56,"1","2","2",5,4,2,2,1,4,3,2,1,4,4,4,2,4,4,4,4,2,3,3,3,4,3,4,4,3,3
"659",20,"2","1","2",4,5,2,3,1,5,1,4,5,5,2,5,5,5,4,4,4,5,5,5,4,4,2,4,2,1,1
"660",23,"1","2","2",3,1,5,1,1,3,4,1,5,5,2,4,4,4,2,2,4,5,5,5,5,5,4,5,5,4,4
"661",21,"2","1","2",4,2,3,2,1,2,1,2,2,3,4,4,4,4,4,4,4,2,4,5,4,3,3,4,2,2,2
"662",21,"2","2","2",5,4,5,2,2,4,4,2,4,4,4,5,5,4,4,3,2,3,2,2,2,3,5,3,1,1,1
"663",50,"1","2","2",4,2,5,4,4,2,2,4,2,2,3,5,3,4,3,5,4,2,2,4,4,5,4,4,5,2,2
"664",19,"2","1","2",5,5,4,3,3,5,4,4,4,2,4,4,4,4,4,5,5,4,5,5,4,4,5,4,4,2,2
"665",48,"2","2","2",4,2,3,3,2,4,2,3,3,2,3,3,3,3,4,4,4,3,3,4,4,5,3,5,3,3,3
"666",48,"2","2","2",4,4,4,4,4,4,3,4,3,4,3,2,3,3,4,5,5,4,4,4,4,4,4,5,3,2,2
"667",18,"2","1","2",4,3,4,4,1,3,1,2,1,2,2,2,4,4,4,4,4,1,4,2,4,5,2,3,3,2,2
"668",19,"1","1","2",4,3,4,3,3,5,2,4,3,4,5,1,3,5,4,3,5,4,5,5,5,5,3,5,3,3,3
"669",52,"2","2","2",4,4,4,2,3,4,3,3,4,2,4,2,4,4,5,5,4,3,4,4,4,4,4,4,3,2,2
"670",20,"2","1","2",5,4,2,4,2,4,2,4,2,5,4,5,5,3,3,3,5,4,5,5,5,4,4,3,4,1,1
"671",25,"3","3","2",1,1,1,1,1,1,1,1,1,1,1,1,1,1,4,3,1,1,1,1,1,5,1,1,2,5,5
"672",99,"3","1","2",1,5,1,1,1,1,5,4,1,5,1,5,5,5,1,1,5,1,1,1,5,1,1,1,1,5,5
"673",20,"1","1","2",5,5,4,2,3,5,4,2,3,4,2,4,3,4,3,3,5,4,4,4,3,4,3,4,4,1,1
"674",54,"1","1","2",1,5,1,3,4,4,4,5,5,4,3,4,4,4,4,5,5,4,5,4,4,5,5,5,5,1,1
"675",19,"3","5","2",4,5,5,4,2,5,2,2,2,4,5,5,5,4,4,4,4,2,4,4,3,4,4,4,2,1,1
"676",21,"2","5","2",4,3,3,4,3,3,3,3,2,4,4,4,4,2,5,4,4,4,1,2,2,5,3,5,3,1,1
"677",21,"2","1","2",4,4,3,4,4,3,3,3,2,5,4,3,4,3,5,4,4,4,4,4,3,4,4,5,4,3,3
"678",20,"2","1","2",5,5,4,2,2,4,2,3,4,4,5,5,5,4,4,4,4,4,5,4,5,5,3,4,4,1,1
"679",20,"1","1","2",5,4,5,1,1,2,2,1,4,3,3,2,4,5,4,3,5,3,5,5,5,4,3,5,3,2,2
"680",22,"1","1","2",4,4,5,5,1,5,1,4,3,3,3,2,3,5,3,4,5,4,4,4,4,5,3,5,3,3,3
"681",20,"2","1","2",4,4,4,4,2,4,2,3,2,3,4,2,4,4,5,4,5,2,5,5,4,4,4,4,3,3,3
"682",31,"1","2","2",4,4,3,4,3,4,3,4,1,3,4,4,5,5,4,4,4,3,1,4,4,5,1,5,4,2,2
"683",38,"2","2","2",4,4,4,3,3,4,1,3,3,3,3,4,4,4,3,4,4,2,4,4,4,4,3,4,2,3,3
"684",20,"2","1","2",4,1,4,3,1,4,1,4,1,2,4,4,5,5,4,5,5,1,4,5,4,5,4,5,5,4,4
"685",22,"1","2","2",3,4,3,3,1,2,1,3,1,1,3,2,3,4,5,5,4,1,3,4,3,4,3,5,3,1,1
"686",42,"2","6","2",4,4,5,1,1,4,1,1,3,3,4,5,4,5,5,5,4,4,2,4,3,5,5,5,4,2,2
"687",22,"2","1","2",4,3,4,4,3,4,1,4,1,4,4,4,4,2,4,4,5,2,3,4,4,5,4,5,2,4,4
"688",22,"2","1","2",4,3,2,4,1,4,1,2,2,4,4,4,5,3,3,3,5,2,4,2,2,4,1,5,2,2,2
"689",24,"1","1","2",4,3,5,4,1,3,3,2,1,3,3,3,4,4,3,5,4,3,4,3,4,5,4,5,3,4,4
"690",21,"1","1","2",2,2,4,1,1,1,1,1,2,4,1,1,1,4,1,1,4,1,4,4,4,4,2,5,1,3,3
"691",20,"1","1","2",4,4,2,1,1,4,1,1,1,4,4,2,2,4,3,4,4,3,4,4,4,4,1,4,2,2,2
"692",60,"2","2","2",4,4,5,3,2,3,1,3,1,3,4,1,1,4,3,4,4,1,4,3,3,3,1,4,3,4,4
"693",19,"1","1","2",5,5,4,4,1,5,2,2,2,4,4,3,5,5,5,5,5,3,5,5,5,5,2,4,2,4,4
"694",20,"1","1","2",5,4,3,4,2,4,2,3,2,2,4,2,4,4,5,4,4,2,4,4,1,5,3,5,1,3,3
"695",20,"1","1","2",4,4,4,2,1,3,2,1,3,1,1,4,4,4,5,4,4,4,4,4,4,4,2,4,3,4,4
"696",21,"1","1","2",4,4,5,2,1,4,1,1,1,3,4,4,4,5,3,3,4,2,4,4,3,2,3,3,1,3,3
"697",45,"2","2","2",4,5,5,3,3,5,3,4,1,3,4,4,4,3,3,4,5,1,2,3,3,4,4,3,4,4,4
"698",22,"2","1","2",4,3,3,4,2,3,2,4,2,4,2,4,3,3,4,3,4,2,3,3,4,4,4,4,4,2,2
"699",56,"1","2","2",4,4,2,3,3,4,3,3,2,3,2,4,2,5,4,4,4,2,4,4,3,4,4,5,4,3,3
"700",39,"2","4","2",3,2,4,4,3,4,2,4,4,5,2,4,4,4,4,5,5,2,4,3,4,4,1,5,5,1,1
"701",39,"2","2","2",4,4,2,4,2,5,2,5,4,4,4,4,5,4,4,5,1,4,4,4,4,4,4,5,4,1,1
"702",59,"1","2","2",4,4,4,3,3,4,1,3,1,2,2,2,2,1,4,4,4,3,3,4,4,2,1,1,2,4,4
"703",20,"2","1","2",5,5,4,4,2,5,4,4,4,4,4,5,4,4,4,4,5,2,4,4,4,3,2,4,2,2,2
"704",60,"1","2","2",4,4,2,4,3,4,2,4,3,2,3,2,2,4,4,4,5,4,4,4,4,5,4,4,4,2,2
"705",56,"2","2","2",5,1,5,3,4,4,2,3,2,1,1,5,3,5,5,5,4,1,4,3,2,5,2,5,4,4,4
"706",59,"1","2","2",5,4,5,3,1,4,1,5,1,1,1,1,1,5,5,5,5,1,2,5,1,5,1,5,5,3,3
"707",22,"1","2","2",4,4,5,2,1,3,3,2,4,3,2,4,2,3,4,4,4,2,4,4,4,4,5,4,2,3,3
"708",31,"2","2","2",4,3,4,4,3,4,3,4,2,4,4,3,4,4,5,4,4,3,3,3,3,5,3,5,3,2,2
"709",22,"2","1","2",4,4,3,3,4,4,3,4,3,4,4,5,5,4,4,4,4,3,4,4,4,4,3,5,4,1,1
"710",19,"3","3","2",4,3,3,4,2,5,3,2,2,5,5,3,5,4,4,4,4,3,4,4,4,4,2,3,2,3,3
"711",19,"2","1","2",4,2,4,3,3,4,2,4,2,4,3,3,4,3,4,4,5,3,2,3,2,4,4,4,3,4,4
"712",61,"2","3","2",4,3,5,1,1,1,1,2,4,1,1,4,1,4,3,4,4,1,3,3,3,3,1,3,1,4,4
"713",30,"2","2","2",4,4,4,4,2,4,1,4,4,2,3,4,4,4,5,5,4,2,4,4,2,5,4,5,4,2,2
"714",20,"2","1","2",5,4,4,3,1,5,2,3,2,4,4,4,4,4,4,4,4,3,3,4,3,5,4,4,4,4,4
"715",20,"2","1","2",2,3,4,2,1,3,1,3,1,2,3,1,4,2,3,4,4,2,2,4,4,3,2,4,4,3,3
"716",19,"1","1","2",4,4,2,4,4,5,4,5,2,4,5,4,5,4,4,5,4,5,4,4,4,4,5,4,2,2,2
"717",20,"2","4","2",4,3,4,3,2,4,2,3,4,5,4,4,5,3,4,3,4,4,5,4,4,4,3,4,3,2,2
"718",20,"1","1","2",5,5,4,3,1,5,5,3,4,4,4,4,5,4,4,5,4,4,5,4,4,2,2,5,4,1,1
"719",20,"2","1","2",5,4,4,5,4,5,4,4,1,5,5,5,5,3,4,4,4,5,3,2,2,5,4,4,5,2,2
"720",20,"2","1","2",4,4,4,4,2,4,2,2,2,4,4,4,4,4,4,4,4,2,5,5,4,5,2,5,4,3,3
"721",19,"2","1","2",4,4,4,3,2,4,1,3,2,4,3,4,4,2,5,4,5,4,5,5,5,4,5,4,1,2,2
"722",20,"2","1","2",5,4,5,5,5,5,4,4,3,4,4,5,5,4,4,4,5,4,2,5,4,3,3,3,4,2,2
"723",20,"1","2","2",5,2,2,2,1,4,4,4,2,4,5,5,5,3,3,2,5,3,5,4,5,3,2,4,3,2,2
"724",19,"2","1","2",5,3,4,3,1,4,1,3,1,2,4,3,5,2,3,4,4,2,5,4,3,4,1,4,5,3,3
"725",19,"2","1","2",5,4,2,4,2,5,2,2,2,4,4,5,5,4,4,4,5,4,5,4,4,4,4,4,3,2,2
"726",20,"2","1","2",5,4,5,5,3,5,2,5,2,4,4,3,4,5,4,4,5,2,4,4,4,4,4,3,3,3,3
"727",19,"2","1","2",4,3,4,5,3,4,3,5,2,4,4,4,4,4,3,4,5,2,4,4,2,3,5,4,2,2,2
"728",60,"1","2","2",4,2,4,1,2,3,1,2,1,1,1,2,1,3,3,2,4,1,4,4,4,3,2,5,2,4,4
"729",19,"1","1","2",3,2,4,2,2,2,2,2,2,2,2,2,2,3,4,3,2,3,2,4,3,3,4,3,3,2,2
"730",19,"1","1","2",5,2,2,3,1,4,1,3,2,4,3,4,2,5,4,4,5,5,5,5,4,4,2,4,3,3,3
"731",21,"1","1","2",4,4,4,3,2,3,3,3,3,4,2,4,4,4,4,4,5,3,5,5,5,4,1,5,4,3,3
"732",19,"1","1","2",2,4,4,4,1,4,2,2,2,3,2,4,5,4,4,3,5,4,4,4,4,4,3,5,1,2,2
"733",17,"2","1","2",4,2,1,1,2,4,1,4,3,2,4,5,5,2,4,4,4,4,5,5,2,4,1,5,3,2,2
"734",18,"2","1","2",4,5,3,3,2,4,1,3,4,3,4,3,4,4,5,4,5,2,5,4,4,4,4,4,2,3,3
"735",19,"2","1","2",5,5,2,4,2,5,1,1,2,5,4,4,5,4,3,4,5,2,4,4,4,5,4,5,2,2,2
"736",20,"1","1","2",5,4,3,3,1,5,5,2,1,2,2,4,5,4,5,5,5,5,5,4,5,4,4,4,4,2,2
"737",32,"2","2","2",4,4,4,2,2,4,2,2,4,4,4,5,4,4,4,5,4,3,3,4,3,4,3,5,4,1,1
"738",54,"1","2","2",4,4,5,2,4,4,2,2,2,4,4,4,2,5,3,4,2,2,4,3,4,4,1,5,4,4,4
"739",50,"2","4","2",4,2,4,2,1,3,1,1,2,3,2,3,4,4,4,5,4,3,4,4,3,5,3,5,4,3,3
"740",21,"2","1","2",3,3,2,3,2,3,1,3,2,3,3,3,3,3,4,4,4,3,4,4,4,5,4,5,3,3,3
"741",20,"2","1","1",4,4,4,4,2,4,2,4,3,4,3,4,4,4,4,4,4,3,4,4,4,4,3,4,3,3,3
"742",19,"2","1","1",5,3,4,4,2,4,3,3,4,4,3,3,4,3,5,5,5,3,5,4,2,4,2,5,3,3,3
"743",61,"2","6","2",2,2,5,2,1,4,1,1,1,3,3,2,1,3,4,4,4,2,4,4,3,3,2,4,3,4,4
"744",19,"2","2","2",2,2,2,1,1,1,1,1,3,3,2,4,4,5,4,3,5,3,5,4,4,3,3,2,2,2,2
"745",21,"2","1","2",4,3,4,4,1,3,1,4,2,4,4,4,4,5,4,4,4,3,4,4,2,4,3,4,3,3,3
"746",38,"2","2","2",4,4,4,3,3,4,3,3,4,4,4,4,4,4,4,4,4,4,4,5,4,4,4,4,4,1,1
"747",19,"2","1","2",4,4,4,1,1,4,1,1,2,3,4,2,2,5,5,5,5,2,5,4,4,4,1,4,3,3,3
"748",18,"2","1","2",5,5,2,5,1,5,4,5,3,5,5,3,5,4,3,5,4,5,3,3,3,4,3,3,3,3,3
"749",19,"2","1","2",5,4,2,2,2,5,3,3,1,4,4,2,5,4,4,4,5,2,5,5,5,3,1,2,1,2,2
"750",20,"2","1","2",1,2,5,2,1,1,1,1,1,1,3,4,4,4,4,3,5,1,4,4,3,1,4,4,4,4,4
"751",18,"2","4","2",2,2,4,4,1,2,1,2,1,2,4,4,2,4,4,4,5,3,4,3,2,5,5,5,5,3,3
"752",22,"2","4","2",5,4,2,3,1,1,2,3,3,4,4,1,5,4,4,3,5,5,5,4,5,4,3,5,4,1,1
"753",21,"2","1","2",4,4,4,4,2,4,3,4,2,4,4,2,4,3,4,4,4,1,5,4,4,4,2,4,2,4,4
"754",20,"2","1","2",3,2,4,2,2,3,1,2,2,2,2,2,2,4,4,4,4,1,2,4,2,3,2,4,1,2,2
"755",23,"1","2","2",4,1,5,3,1,1,1,1,1,1,1,3,4,3,3,3,4,1,1,1,3,4,1,4,4,4,4
"756",20,"2","1","2",4,2,4,2,1,4,2,3,1,2,2,2,3,4,5,4,4,1,4,4,2,4,2,4,3,4,4
"757",43,"2","2","2",4,4,3,3,3,4,4,3,5,5,5,5,5,4,4,4,4,4,4,4,3,4,3,4,5,1,1
"758",33,"2","2","2",4,4,4,4,2,4,1,4,2,2,2,4,4,5,5,5,5,2,4,4,2,5,2,5,4,3,3
"759",19,"1","1","2",4,2,4,3,1,3,2,1,2,2,1,2,4,4,2,2,5,2,5,5,4,5,1,5,4,4,4
"760",22,"2","2","2",4,3,2,3,3,4,3,4,4,4,2,4,5,3,3,4,5,1,5,5,4,3,4,4,2,2,2
"761",18,"2","1","2",4,4,3,4,3,5,3,3,2,5,5,3,5,4,5,4,4,5,4,4,3,4,4,5,4,3,3
"762",20,"2","1","2",5,4,3,4,3,5,2,4,5,4,4,5,5,5,4,4,5,4,4,4,5,5,5,5,3,1,1
"763",20,"2","1","2",4,4,4,2,2,4,1,2,2,4,2,4,4,4,4,4,5,3,4,4,4,5,4,4,5,3,3
"764",21,"2","1","2",5,4,4,3,2,5,3,3,3,3,5,5,5,5,4,4,5,3,4,5,5,4,4,5,3,3,3
"765",49,"2","2","2",4,4,4,1,1,3,2,1,1,2,2,3,3,4,4,4,4,2,4,4,3,4,4,4,4,3,3
"766",20,"2","2","2",3,3,3,4,4,4,1,4,3,5,3,5,4,4,4,5,4,2,4,3,4,4,3,5,4,2,2
"767",75,"2","6","2",4,4,5,3,1,4,1,3,1,2,1,1,2,5,5,4,4,3,3,4,3,5,2,4,3,4,4
"768",19,"2","1","2",4,5,4,2,2,5,5,4,4,3,4,3,4,5,4,4,5,4,5,4,4,5,5,5,5,3,3
"769",19,"2","1","2",5,3,4,4,2,4,2,2,2,3,4,3,4,4,4,4,5,2,4,4,4,3,3,5,2,3,3
"770",21,"2","2","2",4,3,4,4,2,3,2,4,4,4,4,4,4,4,4,4,4,4,4,4,4,3,4,4,2,1,1
"771",91,"2","1","2",5,4,4,3,2,5,3,4,5,5,5,5,5,4,4,4,5,5,5,5,5,2,2,4,4,1,1
"772",21,"1","1","2",5,4,4,4,1,5,2,4,1,3,2,2,4,4,4,4,4,5,5,5,4,4,4,5,5,3,3
"773",32,"2","2","2",5,4,4,2,1,3,2,2,3,4,4,4,4,4,4,5,4,4,2,4,4,4,2,5,1,2,2
"774",20,"1","1","2",5,4,5,3,2,5,1,3,1,4,5,4,5,3,4,4,4,2,4,2,2,4,3,5,5,4,4
"775",19,"1","1","2",5,4,4,3,2,5,4,4,2,3,4,4,4,3,4,5,5,2,5,5,5,5,4,5,4,2,2
"776",19,"1","5","2",4,4,4,2,2,3,4,2,4,3,3,5,3,4,4,4,5,2,5,4,5,4,4,5,5,1,1
"777",19,"2","1","2",5,5,2,4,4,5,2,4,1,4,4,2,4,4,4,4,5,2,5,4,4,4,2,5,2,2,2
"778",20,"2","1","1",4,2,4,4,3,3,4,3,3,3,2,4,3,2,2,4,3,5,2,2,3,4,2,2,4,3,3
"779",19,"2","1","2",4,2,3,2,3,2,2,2,2,2,2,4,2,2,2,3,3,2,2,3,2,2,2,2,2,3,3
"780",24,"4","3","2",5,3,3,4,1,1,1,1,1,1,1,2,4,4,5,5,5,1,4,4,4,5,4,5,5,2,2
"781",50,"2","4","2",4,4,4,3,3,3,3,1,1,3,3,2,4,5,3,5,4,1,5,4,4,5,3,5,3,2,2
"782",21,"1","1","2",3,4,4,3,3,4,3,3,3,1,4,4,3,3,3,5,4,4,4,4,4,5,5,3,3,2,2
"783",53,"1","2","2",4,2,4,3,3,5,3,3,2,2,4,2,4,5,4,4,5,1,5,5,4,4,4,5,3,3,3
"784",52,"2","2","2",4,3,3,2,2,4,3,2,4,3,3,3,3,4,4,4,4,3,4,4,4,4,4,4,4,1,1
"785",43,"2","4","2",4,4,4,4,1,4,3,4,2,3,2,3,2,4,4,4,4,3,5,4,5,5,3,4,4,3,3
"786",19,"2","2","2",4,4,2,4,2,4,4,2,1,4,2,1,4,4,4,4,5,2,4,4,4,4,2,2,2,1,1
"787",20,"1","1","2",5,4,5,3,1,4,1,3,1,1,2,2,4,3,4,4,4,2,4,4,3,4,2,5,2,3,3
"788",20,"1","1","2",4,2,3,1,1,2,3,2,3,4,2,4,2,2,3,4,4,3,2,2,4,2,4,4,2,1,1
"789",20,"2","1","2",4,3,2,3,2,4,4,3,4,4,4,4,4,4,4,4,4,3,5,4,4,4,4,4,1,1,1
"790",20,"2","1","2",4,2,5,4,2,4,2,4,1,4,5,4,4,4,4,4,5,2,4,4,4,5,2,5,4,4,4
"791",21,"1","1","2",5,5,5,3,3,4,3,4,4,5,5,5,1,5,4,5,5,5,5,5,5,5,2,5,3,3,3
"792",18,"2","1","1",3,4,4,3,3,3,1,3,3,1,5,1,3,3,5,3,5,3,3,3,3,4,1,3,4,4,4
"793",19,"2","1","2",4,3,5,4,2,4,3,4,1,1,1,2,2,4,4,3,4,3,4,4,2,4,2,4,1,3,3
"794",27,"4","1","2",3,2,4,3,3,3,1,1,2,2,2,3,3,3,2,4,5,1,4,4,4,4,4,5,4,2,2
"795",20,"2","1","2",5,4,4,2,1,4,1,2,2,4,5,4,5,3,4,4,5,3,5,5,5,4,5,3,2,2,2
"796",22,"2","2","2",5,1,5,3,1,3,1,1,3,3,1,3,5,4,5,3,4,2,4,4,4,5,4,3,3,4,4
"797",20,"1","1","2",5,4,2,3,1,4,2,2,2,2,2,2,3,3,5,5,5,3,4,4,4,4,3,5,4,3,3
"798",19,"2","1","2",4,5,3,1,1,4,2,2,5,4,5,1,4,5,4,5,3,4,4,3,3,5,4,5,5,2,2
"799",19,"1","1","2",3,2,4,4,1,4,1,4,1,1,3,2,2,4,4,2,4,2,2,4,2,4,1,5,2,3,3
"800",21,"1","1","2",4,4,3,4,2,4,3,3,4,2,3,4,3,4,3,4,5,1,4,4,4,5,2,4,5,2,2
"801",25,"1","2","2",2,3,4,2,1,4,2,3,2,2,2,2,2,3,4,3,4,2,4,4,4,4,2,4,3,3,3
"802",55,"2","2","2",4,2,4,2,1,3,2,1,2,1,2,2,2,3,4,4,4,2,3,2,1,3,1,4,2,3,3
"803",21,"1","1","2",4,4,5,4,2,5,3,3,2,4,4,3,4,5,4,4,5,3,4,3,4,5,4,5,5,3,3
"804",20,"2","2","2",4,3,3,2,1,2,1,3,2,2,4,2,3,3,3,3,5,4,4,5,4,4,4,5,3,4,4
"805",50,"2","2","2",3,2,5,2,1,2,3,2,2,1,1,4,4,3,4,4,4,3,4,4,4,4,4,4,2,3,3
"806",19,"1","2","2",4,3,4,3,3,3,3,3,3,4,3,4,4,4,2,4,4,2,4,4,2,5,2,4,3,3,3
"807",20,"1","1","2",4,4,4,4,2,5,4,4,4,4,4,4,4,4,4,4,4,4,4,4,4,4,4,4,4,2,2
"808",19,"2","1","2",5,4,1,4,3,3,1,4,1,5,4,4,4,5,4,5,5,5,5,5,4,4,4,3,3,1,1
"809",20,"2","4","2",4,4,4,4,2,4,2,3,4,4,4,5,4,3,4,4,4,4,4,4,4,4,2,3,4,3,3
"810",19,"1","1","2",5,4,4,4,3,4,2,4,5,4,5,5,4,4,4,4,5,2,5,5,5,5,2,5,5,1,1
"811",21,"2","3","2",5,4,4,4,2,5,3,4,2,5,5,4,5,4,3,4,5,4,5,5,5,4,4,5,5,3,3
"812",25,"1","5","2",5,4,4,3,1,3,2,4,2,2,4,3,2,5,5,4,4,2,2,4,2,5,4,5,4,2,2
"813",20,"2","1","2",5,4,4,3,3,4,1,3,1,4,5,2,5,5,1,4,4,3,3,3,3,4,3,4,4,3,3
"814",22,"2","2","2",4,4,5,3,1,4,4,2,2,4,4,4,4,3,3,5,5,2,4,5,4,3,2,4,5,4,4
"815",22,"1","4","2",5,2,1,2,1,1,1,2,1,1,2,1,1,5,5,5,5,1,5,2,5,4,4,2,2,3,3
"816",18,"2","1","2",4,2,4,3,1,2,1,2,1,1,2,4,2,4,5,5,5,4,5,5,5,4,3,2,1,4,4
"817",20,"2","1","2",5,1,4,2,1,5,1,4,1,2,5,2,1,4,5,5,5,5,5,5,5,3,1,4,1,5,5
"818",20,"2","1","2",3,4,4,2,1,3,1,2,4,4,4,2,5,4,4,5,5,5,5,5,5,4,2,4,3,3,3
"819",63,"2","6","2",4,4,4,3,3,3,3,4,3,2,3,2,3,4,4,4,4,2,4,4,4,5,3,4,4,3,3
"820",53,"1","2","2",4,2,4,2,1,4,2,3,2,2,2,2,2,4,4,4,4,4,2,3,3,4,2,4,3,3,3
"821",48,"2","2","2",4,4,4,2,2,5,3,3,2,3,3,3,4,5,4,5,3,3,4,4,4,5,4,4,4,1,1
"822",19,"2","1","1",4,4,3,4,2,3,1,3,1,4,1,1,4,4,3,3,4,3,4,4,4,4,3,3,2,2,2
"823",20,"1","2","2",4,1,4,1,1,4,1,3,1,3,5,4,4,3,4,4,5,1,4,3,4,3,1,5,5,4,4
"824",22,"2","1","2",3,5,5,3,1,3,1,3,3,2,4,2,3,5,5,5,4,3,4,4,4,5,4,3,1,4,4
"825",19,"1","1","2",4,3,5,4,2,4,1,5,2,3,2,3,4,4,5,4,5,2,5,5,4,5,4,4,2,3,3
"826",50,"2","2","2",4,4,3,3,2,4,3,3,4,3,3,4,3,2,4,4,4,3,3,4,4,3,2,3,2,1,1
"827",53,"1","2","2",5,4,4,3,1,4,2,2,4,1,3,1,4,5,4,5,5,1,4,4,4,5,3,5,2,3,3
"828",45,"2","2","2",4,3,5,3,3,4,3,2,2,3,2,2,2,4,4,4,4,3,4,4,3,4,3,4,4,4,4
"829",58,"2","2","2",5,5,4,5,4,5,3,4,1,4,4,4,4,3,5,4,5,4,4,4,4,3,3,4,3,1,1
"830",60,"2","2","2",5,4,5,3,3,5,3,3,4,4,5,3,5,4,4,5,3,3,3,3,3,5,4,4,5,3,3
"831",19,"3","1","2",5,4,4,4,2,5,1,2,3,5,4,5,3,3,3,3,5,4,5,5,5,5,3,5,5,3,3
"832",28,"2","2","2",4,4,2,2,3,4,3,3,2,4,4,4,4,4,4,4,4,4,4,4,3,4,4,4,4,1,1
"833",29,"1","2","2",4,4,5,1,1,4,4,1,3,4,2,3,4,5,5,5,4,2,2,2,2,4,4,5,2,4,4
"834",19,"1","1","1",5,5,4,4,2,5,3,3,2,4,3,4,2,3,5,4,4,1,2,4,4,4,3,5,3,3,3
"835",20,"2","1","2",3,2,4,3,2,3,2,3,2,3,3,3,4,3,3,4,3,3,4,3,3,4,3,3,2,2,2
"836",22,"2","1","2",4,2,5,2,2,2,1,2,5,2,5,5,3,4,1,2,4,1,4,4,3,5,3,5,3,4,4
"837",19,"1","2","2",4,4,4,3,3,4,3,3,3,4,4,4,4,4,4,4,4,3,4,4,3,4,3,4,3,1,1
"838",21,"2","1","2",4,3,3,2,2,4,2,2,2,3,4,4,5,5,4,5,4,3,4,4,3,4,4,4,4,2,2
"839",20,"2","1","2",4,4,5,4,3,5,3,4,3,5,4,4,5,5,5,4,5,4,5,5,4,5,3,5,5,3,3
"840",20,"2","1","2",4,3,4,4,3,4,2,4,2,4,4,4,4,4,4,4,4,4,5,4,4,4,4,5,3,2,2
"841",58,"1","2","2",4,4,5,2,1,4,3,2,3,2,2,3,3,4,4,4,4,2,4,4,4,4,4,4,2,2,2
"842",54,"2","2","2",3,4,3,3,3,4,3,3,3,2,4,4,4,5,4,4,3,2,3,3,3,4,4,4,4,2,2
"843",19,"2","1","2",4,4,3,4,1,5,3,4,2,4,3,1,4,4,5,5,5,2,4,5,2,5,1,4,4,3,3
"844",19,"2","1","2",5,5,5,3,2,5,2,4,1,4,4,3,4,3,4,4,5,5,5,4,5,5,4,5,3,4,4
"845",19,"2","1","2",4,1,1,1,1,3,1,3,2,2,2,2,3,5,4,2,5,3,4,4,3,4,3,5,3,4,4
"846",19,"1","1","2",4,2,4,4,1,4,1,2,2,1,4,3,2,5,4,4,4,2,4,4,2,4,2,5,4,4,4
"847",20,"2","1","2",4,4,4,4,2,5,2,4,2,3,5,4,5,4,3,4,4,3,4,4,2,4,4,5,2,2,2
"848",19,"1","1","2",5,4,4,4,3,4,4,4,1,4,4,4,4,4,3,4,4,4,4,5,4,4,1,4,4,3,3
"849",22,"2","1","2",4,4,3,4,4,5,2,4,2,2,3,4,4,2,4,4,4,2,4,4,4,2,2,5,3,3,3
